-nnq6461,2
-nnq6462,1
-WC,1
0-00000,1
1000-00008,2
1000-00027,2
1000-00028,2
1000-00029,2
1000-00036,2
1000-00038,1
1000-00039,1
1000-00040,2
1000-00042,2
1013-63301,1
1013-63302,2
1013-63303,1
1013-63304,2
1013-63305,1
1013-63306,2
1013-63307,2
1013-63308,1
1013-63309,1
1013-63310,2
1013-63311,1
1013-63312,2
1013-63313,2
1013-63314,2
1013-63315,2
1013-63316,1
1013-63317,1
1013-63318,1
1013-63319,1
1013-63320,2
1013-63321,2
1013-63322,1
1013-63324,1
1013-63325,2
1013-63326,2
1013-63327,2
1013-63328,1
1013-63329,2
1013-63330,1
1013-63331,1
1013-63332,2
1013-63333,1
1013-63334,1
1013-63335,2
1013-63336,1
1013-63337,2
1013-63338,2
1013-63339,2
1013-63340,1
1013-63341,1
1013-63342,1
1013-63343,1
1013-63344,2
1013-63345,2
1013-63346,2
1013-63347,1
1013-63348,1
1013-63349,2
1013-63350,2
1013-63351,2
1013-63352,2
1013-63353,2
1013-63354,2
1013-63355,2
1013-63356,2
1013-63357,2
1013-63358,2
1013-63359,2
1013-63360,1
1013-63361,1
1013-63362,2
1013-63363,2
1013-63364,2
1013-63365,1
1013-63366,2
1013-63367,2
1013-63368,2
1013-63369,1
1013-63370,2
1013-63371,1
1013-63372,2
1013-63373,2
1013-63374,2
1013-63375,2
1013-63376,1
1013-63377,1
1013-63378,1
1013-63379,2
1013-63380,1
1013-63381,1
1013-63382,2
1013-63383,1
1013-63384,1
1013-63385,2
1013-63386,1
1013-63387,1
1013-63388,1
1013-63389,1
1013-63390,2
1013-63391,1
1013-63392,2
1013-63393,1
1013-63394,2
1013-63395,1
1013-63396,1
1013-63397,1
1013-63398,2
1013-63399,1
1013-63400,2
1013-63445,1
1013-63447,2
1043-44203,2
1043-44204,1
1043-44205,1
1043-44206,2
1043-44207,1
1043-44208,1
1043-44209,1
1043-44210,2
1043-44211,1
1043-44212,2
1043-44213,2
1043-44213.1,1
1043-44214,2
1043-44215,1
1043-44216,2
1043-44217,2
1043-44218,2
1043-44219,1
1043-44220,2
1043-44221,1
1043-44222,1
1043-44223,1
1043-44224,2
1043-44225,1
1043-44226,1
1043-44227,1
1043-44228,2
1043-44229,1
1043-44230,2
1043-44231,2
1043-44232,1
1043-44233,1
1043-44234,1
1043-44235,2
1043-44236,2
1043-44237,1
1043-44238,2
1043-44239,2
1043-44240,2
1043-44241,1
1043-44242,2
1043-44243,2
1043-44244,2
1043-44245,1
1043-44246,2
1043-44247,2
1043-44248,2
1043-44249,1
1043-44250,1
1043-44251,2
1043-44252,1
1043-44253,1
1043-44254,2
1043-44255,1
1043-44256,2
1043-44257,2
1043-44258,1
1043-44259,2
1043-44260,1
1043-44261,2
1043-44262,2
1043-44263,2
1043-44264,1
1043-44265,1
1043-44266,1
1043-44267,1
1043-44268,2
1043-44269,1
1043-44270,2
1043-44271,1
1043-44272,2
1043-44273,2
1043-44274,1
1043-44275,2
1043-44276,1
1043-44277,1
1043-44278,2
1043-44279,1
1043-44280,1
1043-44281,1
1043-44282,2
1043-44283,1
1043-44284,2
1043-44285,2
1043-44286,2
1043-44287,2
1043-44288,1
1043-44289,1
1043-44290,2
1043-44291,1
1043-44292,1
1043-44293,2
1043-44294,2
1043-44295,1
1043-44296,1
1043-44297,1
1043-44298,2
1043-44299,2
1043-44300,1
1043-80102,2
1043-80103,2
1043-80106,2
1043-80108,1
1043-80109,2
1043-80110,2
1043-80113,2
1043-80114,2
1043-80116,2
1043-80117,1
1043-80120,1
1043-80121,2
1043-80122,2
1043-80124,2
1043-80125,1
1043-80130,2
1043-80139,1
1043-80142,1
1043-80143,1
1043-80144,1
1043-80151,1
1043-80161,1
1043-80165,2
1043-80168,2
1043-80174,2
1043-80177,1
1043-80178,2
1043-80180,1
1043-80184,1
1043-80187,2
1043-80188,1
1043-80193,2
1043-80204,2
1043-80206,1
1043-80207,2
1043-80208,1
1043-80209,1
1043-80213,2
1043-80214,2
1043-80215,2
1043-80217,1
1043-80224,2
1043-80229,2
1043-80233,1
1043-80240,1
1043-80241,2
1043-80243,1
1043-80251,2
1043-80255,2
1043-80257,2
1043-80272,2
1043-80276,1
1043-80277,1
1043-80278,2
1043-80291,1
1043-80292,2
1043-80294,1
1043-80296,2
1043-80299,2
1043-90501,1
1043-90502,1
1043-90503,2
1043-90504,2
1043-90505,2
1043-90506,2
1043-90507,2
1043-90508,1
1043-90509,1
1043-90510,2
1043-90511,2
1043-90512,1
1043-90513,1
1043-90514,2
1043-90515,1
1043-90516,2
1043-90517,2
1043-90518,1
1043-90519,2
1043-90520,1
1043-90521,1
1043-90522,2
1043-90523,1
1043-90524,2
1043-90525,2
1043-90526,2
1043-90527,2
1043-90528,2
1043-90529,1
1043-90530,1
1043-90531,2
1043-90532,1
1043-90533,2
1043-90534,1
1043-90535,1
1043-90536,1
1043-90537,2
1043-90538,2
1043-90539,2
1043-90540,1
1043-90541,2
1043-90542,1
1043-90543,2
1043-90545,1
1043-90546,2
1043-90547,2
1043-90548,1
1043-90549,1
1043-90550,2
1043-90551,1
1043-90552,1
1043-90553,2
1043-90554,1
1043-90555,2
1043-90556,1
1043-90557,2
1043-90558,1
1043-90559,2
1043-90560,1
1043-90561,1
1043-90561.1,2
1043-90562,2
1043-90563,1
1043-90564,2
1043-90565,1
1043-90566,2
1043-90567,2
1043-90568,1
1043-90569,2
1043-90570,2
1043-90571,2
1043-90572,1
1043-90573,2
1043-90574,2
1043-90575,2
1053-14402,1
1053-14405,2
1053-14410,2
1053-14411,2
1053-14420,1
1053-14421,2
1053-14424,2
1053-14429,1
1053-14431,2
1053-14433,1
1053-14439,2
1053-14440,1
1053-14441,1
1053-14442,2
1053-14444,2
1053-14446,1
1053-14449,1
1053-14450,2
1053-14451,2
1053-14454,1
1053-14455,1
1053-14460,2
1053-14463,1
1053-14467,1
1053-14470,1
1053-14472,1
1053-14473,2
1053-14474,1
1053-14477,1
1053-14482,2
1053-14483,1
1053-14484,1
1053-14489,2
1053-14490,1
1053-14492,2
1053-14495,1
1053-14498,2
1053-14499,1
1053-14500,2
1053-56501,1
1053-56503,1
1053-56506,2
1053-56509,2
1053-56510,1
1053-56511,1
1053-56515,1
1053-56518,2
1053-56519,1
1053-56534,1
1053-56536,2
1053-56537,1
1053-56559,1
1053-56561,1
1053-56564,1
1053-56565,1
1053-56566,1
1053-56571,2
1053-56573,1
1053-56591,2
1053-56592,1
1053-56601,1
1053-56602,2
1053-56603,2
1053-56607,2
1053-56610,2
1053-56624,2
1053-56632,2
1053-56638,1
1053-56642,1
1053-56660,2
1053-56664,1
1053-56665,2
1053-56671,1
1053-56672,2
1053-56686,2
1053-56687,2
1053-56692,2
1053-56708,2
1053-56711,2
1053-56723,2
1053-56724,1
1053-56725,2
1053-56726,2
1053-56728,2
1053-56729,2
1053-56730,2
1053-56731,1
1053-56732,2
1053-56733,2
1053-56734,1
1053-56735,2
1053-56736,1
1053-56737,1
1053-56738,1
1053-56739,1
1053-56740,2
1053-56741,1
1053-56742,1
1053-56743,2
1053-56744,1
1053-56745,2
1053-56746,2
1053-56747,2
1053-56748,1
1053-56749,2
1053-56750,2
1053-56751,1
1053-56752,2
1053-56753,1
1053-56754,1
1053-56755,2
1053-56756,2
1053-56757,1
1053-56758,2
1053-56759,1
1053-56760,2
1053-56761,1
1053-56762,1
1053-56763,1
1053-56764,1
1053-56765,1
1053-56766,1
1053-56767,1
1053-56768,2
1053-56769,2
1053-56770,1
1053-56771,1
1053-56772,1
1053-56773,1
1053-56774,2
1053-56775,1
1053-56776,2
1053-56777,1
1053-56778,2
1053-56779,1
1053-56780,1
1053-56782,2
1053-56783,2
1053-56784,1
1053-56785,1
1053-56786,1
1053-56787,1
1053-56788,1
1053-56789,2
1053-56790,1
1053-56791,1
1053-56792,1
1053-56794,2
1053-56795,2
1053-56796,1
1053-56797,1
1053-56798,2
1053-56799,1
1053-56800,1
1063-42801,2
1063-42802,1
1063-42803,2
1063-42804,2
1063-42805,1
1063-42806,1
1063-42807,2
1063-42808,2
1063-42809,2
1063-42810,2
1063-42811,2
1063-42813,1
1063-42814,1
1063-42815,1
1063-42816,1
1063-42817,1
1063-42818,2
1063-42819,2
1063-42820,1
1063-42821,2
1063-42822,2
1063-42823,1
1063-42824,1
1063-42825,2
1063-42826,1
1063-42827,1
1063-42828,2
1063-42829,1
1063-42830,2
1063-42831,1
1063-42832,2
1063-42834,2
1063-42835,2
1063-42836,2
1063-42837,1
1063-42838,2
1063-42839,1
1063-42840,1
1063-42841,1
1063-42842,1
1063-42843,1
1063-42844,2
1063-42845,1
1063-42846,2
1063-42847,1
1063-42848,1
1063-42849,1
1063-42850,2
1063-42851,1
1063-42852,2
1063-42853,1
1063-42854,2
1063-42855,1
1063-42856,2
1063-42857,2
1063-42858,1
1063-42859,2
1063-42860,2
1063-42861,1
1063-42862,1
1063-42863,2
1063-42864,2
1063-42865,2
1063-42866,2
1063-42867,2
1063-42868,1
1063-42869,1
1063-42870,2
1063-42872,2
1063-42873,1
1063-42874,2
1063-42875,2
1063-42876,1
1063-42877,2
1063-42878,1
1063-42879,2
1063-42880,1
1063-42881,1
1063-42882,2
1063-42883,2
1063-42884,1
1063-42885,1
1063-42886,1
1063-42887,2
1063-42888,1
1063-42889,2
1063-42890,1
1063-42891,2
1063-42892,1
1063-42893,1
1063-42894,2
1063-42895,2
1063-42896,1
1063-42897,1
1063-42898,2
1063-42899,1
1063-42900,1
1063-42910,2
1063-42913,2
1063-42969,2
1063-43001,1
1063-43002,2
1063-43003,1
1063-43004,1
1063-43005,1
1063-43007,2
1063-43008,2
1063-43009,1
1063-43010,1
1063-43011,1
1063-43012,1
1063-43013,2
1063-43014,2
1063-43015,1
1063-43016,2
1063-43017,1
1063-43018,2
1063-43019,1
1063-43020,2
1063-43021,2
1063-43022,1
1063-43023,2
1063-43024,2
1063-43025,2
1063-43026,2
1063-43027,2
1063-43028,1
1063-43029,2
1063-43030,1
1063-43031,2
1063-43032,2
1063-43033,2
1063-43034,1
1063-43035,1
1063-43036,2
1063-43037,1
1063-43038,2
1063-43039,1
1063-43040,1
1063-43041,1
1063-43042,2
1063-43043,1
1063-43044,1
1063-43045,1
1063-43046,2
1063-43047,2
1063-43048,2
1063-43049,2
1063-43050,2
1063-43051,1
1063-43052,1
1063-43053,2
1063-43054,1
1063-43055,1
1063-43056,1
1063-43057,1
1063-43058,2
1063-43059,2
1063-43060,1
1063-43061,2
1063-43062,1
1063-43063,2
1063-43064,2
1063-43065,2
1063-43066,2
1063-43067,2
1063-43068,1
1063-43069,1
1063-43070,1
1063-43071,1
1063-43072,1
1063-43073,2
1063-43074,1
1063-43075,1
1063-43076,2
1063-43077,2
1063-43078,2
1063-43079,1
1063-43080,2
1063-43081,2
1063-43082,1
1063-43083,1
1063-43084,2
1063-43085,1
1063-43086,1
1063-43087,2
1063-43088,1
1063-43089,1
1063-43090,2
1063-43091,1
1063-43092,2
1063-43093,2
1063-43094,2
1063-43095,2
1063-43096,1
1063-43097,1
1063-43098,2
1063-43099,2
1063-43100,2
1063-43101,2
1063-43102,2
1063-43103,2
1063-43104,2
1063-43105,2
1063-43106,2
1063-43107,1
1063-43108,1
1063-43109,1
1063-43110,2
1063-43111,1
1063-43112,1
1063-43113,2
1063-43114,1
1063-43115,1
1063-43116,1
1063-43117,1
1063-43118,2
1063-43119,2
1063-43120,2
1063-43121,1
1063-43122,1
1063-43123,2
1063-43124,2
1063-43125,2
1063-43126,2
1063-43127,2
1063-43129,1
1063-43130,1
1063-43131,1
1063-43132,1
1063-43133,1
1063-43134,1
1063-43135,1
1063-43136,1
1063-43137,2
1063-43138,1
1063-43139,2
1063-43140,1
1063-43141,1
1063-43142,2
1063-43143,1
1063-43144,2
1063-43145,1
1063-43146,1
1063-43147,2
1063-43148,2
1063-43149,2
1063-43150,2
1063-43151,1
1063-43152,1
1063-43153,1
1063-43154,1
1063-43155,1
1063-43156,1
1063-43157,1
1063-43158,2
1063-43159,2
1063-43160,1
1063-43161,1
1063-43162,1
1063-43163,1
1063-43164,1
1063-43165,1
1063-43166,1
1063-43167,1
1063-43168,1
1063-43169,2
1063-43170,2
1063-43171,2
1063-43172,1
1063-43173,2
1063-43174,1
1063-43175,1
1063-43176,2
1063-43177,2
1063-43178,2
1063-43179,1
1063-43180,2
1063-43181,2
1063-43182,1
1063-43183,2
1063-43184,1
1063-43185,2
1063-43186,1
1063-43187,2
1063-43188,1
1063-43189,1
1063-43190,2
1063-43191,1
1063-43192,2
1063-43193,1
1063-43194,1
1063-43195,1
1063-43196,2
1063-43197,1
1063-43199,1
1063-43200,2
1063-43401,1
1063-43402,2
1063-43403,2
1063-43404,2
1063-43405,1
1063-43406,1
1063-43407,1
1063-43408,1
1063-43409,2
1063-43410,1
1063-43411,2
1063-43412,1
1063-43413,2
1063-43414,2
1063-43415,2
1063-43416,1
1063-43417,2
1063-43418,2
1063-43419,1
1063-43427,1
1063-43428,1
1063-43429,1
1063-43430,1
1063-43431,1
1063-43432,1
1063-43433,1
1063-43434,1
1063-43435,2
1063-43436,1
1063-43437,2
1063-43438,2
1063-43439,1
1063-43440,1
1063-43441,2
1063-43442,2
1063-43443,1
1063-43444,2
1063-43445,2
1063-43446,2
1063-43447,1
1063-43448,1
1063-43449,1
1063-43450,2
1063-43451,2
1063-43452,2
1063-43453,1
1063-43454,1
1063-43455,1
1063-43456,1
1063-43457,1
1063-43458,1
1063-43459,1
1063-43460,1
1063-43461,1
1063-43462,1
1063-43463,2
1063-43464,1
1063-43465,2
1063-43466,1
1063-43467,2
1063-43468,1
1063-43469,1
1063-43470,2
1063-43471,1
1063-43472,2
1063-43473,2
1063-43474,2
1063-43475,2
1063-43476,2
1063-43477,1
1063-43478,1
1063-43479,1
1063-43480,2
1063-43481,1
1063-43482,1
1063-43483,2
1063-43484,1
1063-43485,1
1063-43486,1
1063-43487,2
1063-43488,2
1063-43489,1
1063-43490,2
1063-43491,2
1063-43492,2
1063-43493,1
1063-43494,2
1063-43495,1
1063-43496,1
1063-43497,2
1063-43498,1
1063-43499,2
1063-43500,1
1063-43501,2
1063-43502,1
1063-43503,1
1063-43504,1
1063-43505,2
1063-43506,1
1063-43507,1
1063-43508,2
1063-43509,1
1063-43510,2
1063-43511,1
1063-43512,2
1063-43513,2
1063-43514,2
1063-43515,2
1063-43516,1
1063-43517,2
1063-43518,2
1063-43519,2
1063-43520,2
1063-43521,2
1063-43522,1
1063-43523,2
1063-43524,2
1063-43525,1
1063-43526,1
1063-43527,2
1063-43528,1
1063-43529,1
1063-43530,2
1063-43531,1
1063-43532,2
1063-43533,2
1063-43534,2
1063-43535,1
1063-43536,1
1063-43537,2
1063-43538,2
1063-43539,1
1063-43540,2
1063-43541,1
1063-43542,2
1063-43543,2
1063-43544,2
1063-43545,2
1063-43546,1
1063-43547,1
1063-43548,2
1063-43549,1
1063-43550,1
1063-43551,1
1063-43552,1
1063-43553,1
1063-43554,2
1063-43555,2
1063-43556,2
1063-43557,2
1063-43558,1
1063-43559,1
1063-43560,2
1063-43561,2
1063-43562,2
1063-43563,2
1063-43564,2
1063-43565,2
1063-43566,2
1063-43567,2
1063-43568,2
1063-43569,1
1063-43570,2
1063-43571,1
1063-43572,2
1063-43573,1
1063-43574,2
1063-43575,2
1063-43576,2
1063-43577,2
1063-43578,1
1063-43579,1
1063-43580,2
1063-43581,1
1063-43582,2
1063-43583,1
1063-43584,1
1063-43585,1
1063-43586,1
1063-43587,1
1063-43588,1
1063-43589,1
1063-43590,2
1063-43591,1
1063-43592,2
1063-43593,2
1063-43594,1
1063-43595,2
1063-43596,1
1063-43597,1
1063-43598,1
1063-43599,1
1063-43600,1
1063-43754,2
1063-48543,1
1063-48601,2
1063-48602,1
1063-48603,2
1063-48604,1
1063-48605,2
1063-48606,1
1063-48607,2
1063-48608,1
1063-48609,2
1063-48610,2
1063-48611,1
1063-48612,1
1063-48613,1
1063-48614,1
1063-48615,2
1063-48616,1
1063-48617,2
1063-48618,2
1063-48619,1
1063-48620,1
1063-48621,2
1063-48622,2
1063-48623,1
1063-48624,1
1063-48625,1
1063-48626,2
1063-48627,1
1063-48628,2
1063-48629,1
1063-48630,1
1063-48631,1
1063-48632,1
1063-48633,2
1063-48634,2
1063-48635,2
1063-48636,2
1063-48637,2
1063-48638,2
1063-48639,1
1063-48640,1
1063-48641,2
1063-48642,2
1063-48643,2
1063-48644,2
1063-48645,1
1063-48646,2
1063-48647,2
1063-48648,1
1063-48649,1
1063-48650,1
1063-48651,2
1063-48652,1
1063-48653,2
1063-48654,2
1063-48655,1
1063-48656,1
1063-48657,1
1063-48658,2
1063-48659,1
1063-48660,1
1063-48661,2
1063-48662,1
1063-48663,2
1063-48664,2
1063-48665,1
1063-48666,1
1063-48667,1
1063-48668,2
1063-48669,1
1063-48670,2
1063-48671,2
1063-48672,2
1063-48673,2
1063-48674,2
1063-48675,1
1063-48676,1
1063-48677,1
1063-48678,2
1063-48679,1
1063-48680,1
1063-48681,1
1063-48682,1
1063-48683,1
1063-48684,2
1063-48685,1
1063-48686,2
1063-48687,1
1063-48688,2
1063-48689,1
1063-48690,1
1063-48691,2
1063-48692,2
1063-48693,2
1063-48694,1
1063-48695,2
1063-48696,2
1063-48697,1
1063-48698,1
1063-48699,2
1063-48700,2
1063-48901,2
1063-48902,2
1063-48903,2
1063-48904,1
1063-48905,1
1063-48906,1
1063-48907,1
1063-48908,1
1063-48909,1
1063-48910,1
1063-48911,1
1063-48912,2
1063-48913,1
1063-48914,1
1063-48915,1
1063-48916,2
1063-48917,1
1063-48918,2
1063-48919,2
1063-48920,2
1063-48921,2
1063-48922,2
1063-48923,2
1063-48924,1
1063-48925,1
1063-48926,1
1063-48927,1
1063-48928,1
1063-48929,2
1063-48930,1
1063-48931,2
1063-48932,2
1063-48933,2
1063-48934,1
1063-48935,2
1063-48936,2
1063-48937,2
1063-48938,2
1063-48939,2
1063-48940,2
1063-48941,1
1063-48942,1
1063-48943,2
1063-48944,2
1063-48945,1
1063-48946,2
1063-48947,2
1063-48948,2
1063-48949,2
1063-48950,1
1063-48951,2
1063-48952,1
1063-48953,1
1063-48954,2
1063-48955,2
1063-48956,1
1063-48957,1
1063-48958,2
1063-48959,1
1063-48960,2
1063-48961,2
1063-48962,2
1063-48963,2
1063-48964,1
1063-48965,1
1063-48966,2
1063-48967,1
1063-48968,2
1063-48969,1
1063-48970,2
1063-48971,2
1063-48972,2
1063-48973,2
1063-48974,1
1063-48975,2
1063-48976,2
1063-48977,2
1063-48978,2
1063-48979,1
1063-48980,2
1063-48981,2
1063-48982,1
1063-48983,1
1063-48984,2
1063-48985,2
1063-48986,1
1063-48987,2
1063-48988,1
1063-48989,2
1063-48990,1
1063-48991,1
1063-48992,2
1063-48993,1
1063-48994,2
1063-48995,2
1063-48996,2
1063-48997,1
1063-48998,2
1063-48999,1
1063-49000,1
1163-68201,1
1163-68202,2
1163-68203,2
1163-68204,1
1163-68205,1
1163-68206,1
1163-68207,1
1163-68208,1
1163-68209,2
1163-68210,1
1163-68211,1
1163-68212,1
1163-68213,1
1163-68214,1
1163-68215,2
1163-68216,1
1163-68217,1
1163-68218,1
1163-68219,2
1163-68220,1
1163-68221,2
1163-68222,1
1163-68223,1
1163-68224,1
1163-68225,1
1163-68226,2
1163-68227,2
1163-68228,1
1163-68229,1
1163-68230,2
1163-68231,1
1163-68232,2
1163-68233,2
1163-68234,2
1163-68235,1
1163-68236,2
1163-68237,1
1163-68238,2
1163-68239,2
1163-68240,2
1163-68241,1
1163-68242,2
1163-68243,2
1163-68244,1
1163-68245,1
1163-68246,1
1163-68247,2
1163-68248,1
1163-68249,1
1163-68250,2
1163-68251,2
1163-68252,1
1163-68253,1
1163-68254,1
1163-68255,1
1163-68256,2
1163-68257,2
1163-68258,2
1163-68259,1
1163-68260,2
1163-68261,2
1163-68262,2
1163-68263,1
1163-68264,1
1163-68265,2
1163-68266,2
1163-68267,2
1163-68268,2
1163-68269,1
1163-68270,1
1163-68271,2
1163-68272,1
1163-68273,2
1163-68274,1
1163-68275,1
1163-68276,2
1163-68277,1
1163-68278,2
1163-68279,1
1163-68280,2
1163-68281,2
1163-68282,1
1163-68283,2
1163-68284,2
1163-68285,2
1163-68285.1,2
1163-68286,2
1163-68287,2
1163-68288,2
1163-68289,2
1163-68290,2
1163-68291,1
1163-68292,2
1163-68293,1
1163-68294,2
1163-68295,2
1163-68296,1
1163-68297,2
1163-68298,2
1163-68299,1
1163-68300,1
1173-04901,1
1173-04902,1
1173-04903,1
1173-04904,2
1173-04905,2
1173-04906,2
1173-04907,2
1173-04908,2
1173-04909,1
1173-04910,1
1173-04911,2
1173-04912,2
1173-04913,2
1173-04914,2
1173-04915,2
1173-04916,2
1173-04917,2
1173-04918,1
1173-04919,2
1173-04921,1
1173-04922,2
1173-04923,2
1173-04924,1
1173-04925,2
1173-04926,2
1173-04927,2
1173-04928,1
1173-04929,2
1173-04930,1
1173-04931,2
1173-04932,1
1173-04933,2
1173-04934,2
1173-04935,2
1173-04936,1
1173-04937,1
1173-04938,2
1173-04939,2
1173-04940,2
1173-04941,1
1173-04942,1
1173-04943,1
1173-04944,1
1173-04945,1
1173-04946,2
1173-04947,2
1173-04948,1
1173-04949,1
1173-04950,1
1173-04951,2
1173-04952,1
1173-04953,2
1173-04954,2
1173-04955,1
1173-04956,2
1173-04957,2
1173-04958,2
1173-04959,2
1173-04960,1
1173-04961,1
1173-04962,1
1173-04963,1
1173-04964,1
1173-04965,1
1173-04966,2
1173-04967,2
1173-04968,2
1173-04969,1
1173-04970,1
1173-04971,2
1173-04972,2
1173-04973,1
1173-04974,2
1173-04975,1
1173-04976,2
1173-04977,1
1173-04978,2
1173-04979,1
1173-04980,2
1173-04981,1
1173-04982,1
1173-04983,1
1173-04984,1
1173-04985,1
1173-04986,2
1173-04987,2
1173-04988,2
1173-04989,1
1173-04990,2
1173-04991,1
1173-04992,1
1173-04993,2
1173-04994,1
1173-04995,1
1173-04996,1
1173-04997,1
1173-04998,1
1173-04999,2
1173-05000,2
1323-47978,2
1323-63736,1
1383-27155,2
1383-27250,2
1383-27285,2
1423-42601,2
1423-42605,1
1423-42618,2
1423-42640,1
1423-42665,2
1423-42668,1
1423-42680,1
1423-42684,2
1423-42691,2
1423-42697,2
1423-42713,2
1423-42714,1
1423-42735,2
1423-42776,1
1423-42821,2
1423-42825,1
1423-42885,1
1423-42893,2
1423-42894,2
1423-42897,2
1423-42898,1
1433-58304,2
1433-58305,2
1433-58306,2
1433-58307,2
1433-58308,2
1433-58309,1
1433-58310,1
1433-58311,1
1433-58315,2
1433-58316,1
1433-58317,1
1433-58318,2
1433-58319,1
1433-58320,2
1433-58321,2
1433-58322,2
1433-58323,1
1433-58324,2
1433-58325,2
1433-58326,2
1433-58327,1
1433-58328,1
1433-58329,2
1433-58330,2
1433-58331,2
1433-58332,2
1433-58333,1
1433-58334,2
1433-58335,2
1433-58336,1
1433-58337,1
1433-58338,1
1433-58339,1
1433-58340,1
1433-58342,2
1433-58343,2
1433-58344,2
1433-58345,2
1433-58346,1
1433-58347,2
1433-58348,1
1433-58349,2
1433-58350,1
1433-58351,1
1433-58352,1
1433-58353,2
1433-58354,2
1433-58355,2
1433-58356,2
1433-58357,1
1433-58358,1
1433-58359,1
1433-58360,2
1433-58361,1
1433-58363,2
1433-58364,1
1433-58365,2
1433-58366,2
1433-58367,1
1433-58368,1
1433-58369,2
1433-58370,1
1433-58371,2
1433-58372,2
1433-58373,1
1433-58374,2
1433-58375,2
1433-58376,1
1433-58377,2
1433-58378,1
1433-58379,1
1433-58380,1
1433-58381,1
1433-58382,1
1433-58383,1
1433-58384,1
1433-58385,2
1433-58386,1
1433-58387,1
1433-58388,2
1433-58389,2
1433-58390,1
1433-58391,2
1433-58392,2
1433-58393,1
1433-58394,1
1433-58395,2
1433-58396,1
1433-58397,2
1433-58398,2
1433-58399,1
1433-58400,2
1433-58407,2
1433-58417,2
1433-87405,2
1433-87410,2
1433-87412,2
1433-87417,2
1433-87421,1
1433-87424,1
1433-87426,1
1433-87427,1
1433-87429,2
1433-87437,2
1433-87443,2
1433-87452,1
1433-87503,1
1433-87504,1
1433-87512,1
1433-87516,2
1433-87518,1
1433-87520,1
1433-87522,2
1433-87526,1
1433-87529,1
1433-87542,1
1433-87551,1
1433-87565,2
1433-87568,2
1433-87581,1
1433-87592,2
1433-87595,1
1433-87596,1
1433-87597,2
1433-87602,2
1433-87604,2
1433-87606,2
1433-87608,2
1433-87610,1
1433-87611,2
1433-87613,2
1433-87617,2
1433-87620,2
1433-87622,1
1433-87623,1
1433-87636,2
1433-87639,1
1433-87640,1
1433-87641,1
1433-87646,2
1433-87649,1
1433-87654,2
1433-87659,1
1433-87698,1
1433-92044,1
1433-92930,1
1433-92935,2
1433-92937,2
1433-92938,2
1433-92944,2
1433-92946,1
1433-92948,1
1433-92951,2
1433-92983,1
1433-92986,2
1433-93031,1
1433-93034,1
1433-93038,2
1433-93041,2
1433-93088,1
1433-93100,2
1433-93116,1
1433-93121,2
1433-93125,1
1433-93151,1
1433-93152,1
1433-93163,2
1433-93183,2
1433-93185,2
1433-93186,1
1433-93187,2
1433-93193,1
1433-93198,2
1433-93200,1
1453-38901,2
1453-38902,1
1453-38903,2
1453-38904,2
1453-38905,2
1453-38906,2
1453-38907,2
1453-38908,1
1453-38909,1
1453-38910,1
1453-38911,2
1453-38912,1
1453-38913,2
1453-38914,2
1453-38916,2
1453-38917,1
1453-38918,2
1453-38919,2
1453-38920,2
1453-38921,1
1453-38922,2
1453-38923,1
1453-38924,2
1453-38925,2
1453-38926,1
1453-38927,1
1453-38928,2
1453-38929,2
1453-38930,1
1453-38931,1
1453-38932,2
1453-38933,2
1453-38935,1
1453-38936,2
1453-38937,1
1453-38938,1
1453-38939,2
1453-38940,1
1453-38940.1,1
1453-38941,1
1453-38942,2
1453-38943,1
1453-38944,2
1453-38945,2
1453-38946,2
1453-38947,2
1453-38948,1
1453-38949,2
1453-38950,1
1453-38951,2
1453-38952,2
1453-38953,1
1453-38954,2
1453-38955,2
1453-38956,2
1453-38957,1
1453-38958,2
1453-38959,2
1453-38960,2
1453-38961,1
1453-38962,2
1453-38963,1
1453-38964,1
1453-38965,2
1453-38966,1
1453-38967,2
1453-38968,1
1453-38969,1
1453-38970,1
1453-38972,1
1453-38973,2
1453-38974,2
1453-38975,2
1453-38976,1
1453-38977,2
1453-38978,1
1453-38979,1
1453-38980,1
1453-38981,1
1453-38982,2
1453-38983,1
1453-38984,2
1453-38985,1
1453-38986,2
1453-38987,1
1453-38988,1
1453-38989,2
1453-38990,2
1453-38991,1
1453-38992,1
1453-38993,1
1453-38994,1
1453-38995,1
1453-38996,1
1453-38997,1
1453-38998,1
1453-38999,1
1453-39000,1
1453-39001,2
1453-39002,2
1453-39003,1
1453-39005,2
1453-39006,1
1453-39007,2
1453-39008,1
1453-39009,2
1453-39010,2
1453-39011,2
1453-39012,2
1453-39013,2
1453-39015,1
1453-39016,1
1453-39017,2
1453-39018,1
1453-39019,2
1453-39020,1
1453-39021,2
1453-39022,1
1453-39023,1
1453-39024,1
1453-39025,2
1453-39026,2
1453-39027,1
1453-39028,2
1453-39029,2
1453-39030,1
1453-39031,1
1453-39032,1
1453-39033,1
1453-39034,1
1453-39035,1
1453-39036,2
1453-39037,2
1453-39038,2
1453-39039,2
1453-39040,1
1453-39041,2
1453-39042,1
1453-39043,1
1453-39044,1
1453-39045,1
1453-39046,2
1453-39047,2
1453-39048,1
1453-39049,1
1453-39050,2
1453-39051,1
1453-39052,2
1453-39053,2
1453-39054,2
1453-39055,2
1453-39056,2
1453-39057,2
1453-39058,2
1453-39059,2
1453-39060,1
1453-39061,2
1453-39062,1
1453-39063,2
1453-39064,2
1453-39065,2
1453-39066,2
1453-39067,2
1453-39068,1
1453-39069,2
1453-39070,2
1453-39071,2
1453-39072,1
1453-39073,1
1453-39074,2
1453-39075,1
1453-39076,2
1453-39077,2
1453-39078,1
1453-39079,2
1453-39080,2
1453-39081,2
1453-39082,1
1453-39083,2
1453-39084,1
1453-39085,1
1453-39086,2
1453-39087,1
1453-39088,1
1453-39089,1
1453-39090,2
1453-39091,1
1453-39092,2
1453-39093,2
1453-39094,2
1453-39095,2
1453-39096,1
1453-39097,2
1453-39098,2
1453-39099,1
1453-39100,1
1453-39101,1
1453-39102,2
1453-39103,2
1453-39104,2
1453-39105,2
1453-39106,2
1453-39108,2
1453-39109,2
1453-39110,1
1453-39111,1
1453-39112,1
1453-39113,1
1453-39114,2
1453-39115,1
1453-39116,1
1453-39117,2
1453-39118,1
1453-39119,2
1453-39120,1
1453-39121,2
1453-39122,1
1453-39123,2
1453-39124,1
1453-39125,2
1453-39126,2
1453-39127,2
1453-39128,2
1453-39129,1
1453-39130,2
1453-39131,2
1453-39132,2
1453-39133,1
1453-39134,1
1453-39135,2
1453-39136,1
1453-39137,1
1453-39138,2
1453-39139,2
1453-39140,2
1453-39141,2
1453-39142,1
1453-39143,2
1453-39144,1
1453-39145,2
1453-39146,1
1453-39147,2
1453-39148,1
1453-39149,1
1453-39150,2
1453-39151,2
1453-39152,2
1453-39153,2
1453-39154,2
1453-39155,2
1453-39156,2
1453-39157,1
1453-39158,2
1453-39159,1
1453-39160,2
1453-39161,1
1453-39162,2
1453-39163,1
1453-39164,1
1453-39165,2
1453-39166,1
1453-39167,1
1453-39168,1
1453-39169,1
1453-39170,1
1453-39171,2
1453-39172,2
1453-39173,1
1453-39174,1
1453-39175,1
1453-39176,2
1453-39177,1
1453-39178,2
1453-39179,2
1453-39180,2
1453-39181,2
1453-39182,2
1453-39183,2
1453-39184,2
1453-39185,1
1453-39186,2
1453-39187,2
1453-39188,2
1453-39189,1
1453-39190,2
1453-39191,2
1453-39192,1
1453-39193,2
1453-39194,2
1453-39195,2
1453-39196,1
1453-39197,2
1453-39198,2
1453-39199,1
1453-39200,1
1453-57401,1
1453-57402,2
1453-57403,2
1453-57404,1
1453-57405,2
1453-57406,2
1453-57407,1
1453-57408,1
1453-57409,2
1453-57410,2
1453-57411,1
1453-57412,2
1453-57413,1
1453-57414,1
1453-57415,1
1453-57416,2
1453-57417,2
1453-57418,2
1453-57419,2
1453-57420,1
1453-57421,2
1453-57422,2
1453-57423,1
1453-57424,1
1453-57425,1
1453-57426,1
1453-57427,1
1453-57428,1
1453-57429,2
1453-57430,2
1453-57431,2
1453-57432,2
1453-57433,1
1453-57434,2
1453-57435,1
1453-57436,1
1453-57437,2
1453-57438,2
1453-57439,1
1453-57440,1
1453-57441,2
1453-57442,2
1453-57443,1
1453-57444,1
1453-57445,2
1453-57446,2
1453-57447,1
1453-57448,2
1453-57449,1
1453-57450,2
1453-57451,2
1453-57452,1
1453-57453,2
1453-57454,1
1453-57455,2
1453-57456,2
1453-57457,2
1453-57458,1
1453-57459,1
1453-57460,2
1453-57461,1
1453-57462,2
1453-57463,2
1453-57464,1
1453-57465,2
1453-57466,1
1453-57467,2
1453-57468,1
1453-57469,1
1453-57470,1
1453-57471,1
1453-57472,2
1453-57473,1
1453-57474,1
1453-57475,2
1453-57476,2
1453-57477,2
1453-57478,1
1453-57479,2
1453-57480,2
1453-57481,1
1453-57482,2
1453-57483,1
1453-57484,1
1453-57485,2
1453-57486,2
1453-57487,2
1453-57488,1
1453-57489,1
1453-57490,2
1453-57491,2
1453-57492,2
1453-57493,1
1453-57494,1
1453-57495,2
1453-57496,1
1453-57497,2
1453-57498,2
1453-57499,2
1453-57500,2
1453-57659,1
1453-63501,1
1453-63502,1
1453-63503,2
1453-63504,2
1453-63505,2
1453-63506,2
1453-63507,2
1453-63508,1
1453-63509,1
1453-63510,1
1453-63511,1
1453-63512,1
1453-63513,2
1453-63514,1
1453-63515,1
1453-63516,1
1453-63517,2
1453-63518,1
1453-63519,2
1453-63520,1
1453-63521,2
1453-63522,1
1453-63523,2
1453-63524,1
1453-63525,2
1453-63526,1
1453-63527,1
1453-63529,1
1453-63530,1
1453-63531,2
1453-63532,1
1453-63533,1
1453-63534,1
1453-63535,2
1453-63536,1
1453-63537,2
1453-63538,1
1453-63539,1
1453-63540,2
1453-63541,1
1453-63542,2
1453-63543,1
1453-63544,1
1453-63545,2
1453-63546,2
1453-63547,1
1453-63548,2
1453-63549,2
1453-63550,1
1453-63551,2
1453-63552,2
1453-63553,1
1453-63554,2
1453-63555,2
1453-63556,2
1453-63557,1
1453-63558,2
1453-63559,1
1453-63560,2
1453-63561,1
1453-63562,1
1453-63563,2
1453-63564,1
1453-63565,2
1453-63566,1
1453-63567,2
1453-63568,1
1453-63569,1
1453-63570,2
1453-63571,1
1453-63572,2
1453-63573,2
1453-63574,2
1453-63575,1
1453-63576,2
1453-63577,2
1453-63578,2
1453-63579,2
1453-63580,2
1453-63581,2
1453-63582,2
1453-63583,1
1453-63584,1
1453-63585,2
1453-63586,2
1453-63587,2
1453-63588,2
1453-63589,2
1453-63590,1
1453-63591,2
1453-63592,1
1453-63593,1
1453-63594,2
1453-63595,2
1453-63596,1
1453-63597,2
1453-63598,1
1453-63599,1
1453-63600,2
1453-63601,1
1453-63602,2
1453-63603,2
1453-63604,2
1453-63605,2
1453-63606,1
1453-63607,1
1453-63608,2
1453-63609,1
1453-63610,1
1453-63611,1
1453-63612,1
1453-63613,1
1453-63614,1
1453-63615,2
1453-63616,1
1453-63617,1
1453-63618,2
1453-63619,1
1453-63620,1
1453-63621,2
1453-63622,2
1453-63623,1
1453-63624,1
1453-63625,2
1453-63626,1
1453-63627,2
1453-63628,1
1453-63629,1
1453-63630,1
1453-63631,1
1453-63632,1
1453-63633,2
1453-63634,2
1453-63635,1
1453-63636,2
1453-63637,1
1453-63638,1
1453-63639,2
1453-63640,2
1453-63641,2
1453-63642,2
1453-63643,1
1453-63644,2
1453-63645,2
1453-63646,1
1453-63647,2
1453-63648,1
1453-63649,1
1453-63650,1
1453-63651,2
1453-63652,1
1453-63653,2
1453-63654,1
1453-63655,1
1453-63656,2
1453-63657,1
1453-63658,1
1453-63659,1
1453-63660,2
1453-63661,1
1453-63662,2
1453-63663,1
1453-63664,1
1453-63665,1
1453-63666,1
1453-63667,1
1453-63668,1
1453-63669,2
1453-63670,1
1453-63671,1
1453-63672,1
1453-63673,2
1453-63674,2
1453-63675,2
1453-63676,1
1453-63677,1
1453-63678,1
1453-63679,2
1453-63680,2
1453-63681,1
1453-63682,2
1453-63683,2
1453-63684,1
1453-63685,1
1453-63686,1
1453-63687,1
1453-63688,1
1453-63689,1
1453-63690,1
1453-63691,1
1453-63692,2
1453-63693,2
1453-63694,1
1453-63695,2
1453-63696,1
1453-63697,1
1453-63698,2
1453-63699,2
1453-63700,2
1453-63708,2
1453-63723,2
1453-72701,1
1453-72702,2
1453-72705,2
1453-72706,1
1453-72707,1
1453-72708,1
1453-72709,1
1453-72710,2
1453-72711,2
1453-72712,1
1453-72713,2
1453-72714,1
1453-72715,2
1453-72716,1
1453-72717,2
1453-72718,2
1453-72719,2
1453-72720,1
1453-72721,2
1453-72722,1
1453-72723,2
1453-72724,1
1453-72725,1
1453-72726,2
1453-72727,1
1453-72728,2
1453-72729,1
1453-72730,2
1453-72731,2
1453-72732,2
1453-72733,2
1453-72734,1
1453-72735,1
1453-72736,1
1453-72737,2
1453-72738,1
1453-72739,2
1453-72740,1
1453-72741,2
1453-72742,1
1453-72743,1
1453-72744,2
1453-72745,2
1453-72746,2
1453-72747,2
1453-72748,1
1453-72749,2
1453-72750,2
1453-72751,2
1453-72752,2
1453-72753,1
1453-72754,1
1453-72755,1
1453-72756,2
1453-72757,2
1453-72758,1
1453-72759,1
1453-72760,2
1453-72761,1
1453-72762,2
1453-72763,1
1453-72764,2
1453-72765,1
1453-72766,2
1453-72767,2
1453-72768,1
1453-72769,2
1453-72770,2
1453-72771,2
1453-72772,2
1453-72773,1
1453-72774,2
1453-72775,2
1453-72776,1
1453-72777,2
1453-72778,1
1453-72779,2
1453-72780,1
1453-72781,2
1453-72782,2
1453-72783,2
1453-72784,1
1453-72785,1
1453-72786,2
1453-72787,2
1453-72788,2
1453-72789,1
1453-72790,1
1453-72791,1
1453-72792,2
1453-72793,1
1453-72794,2
1453-72795,1
1453-72796,2
1453-72797,1
1453-72798,2
1453-72799,2
1453-72800,1
1453-72801,1
1453-72802,2
1453-72803,2
1453-72804,2
1453-72805,2
1453-72806,1
1453-72807,1
1453-72808,2
1453-72809,1
1453-72810,2
1453-72811,2
1453-72812,1
1453-72813,2
1453-72814,2
1453-72815,2
1453-72816,1
1453-72817,2
1453-72818,2
1453-72819,1
1453-72820,1
1453-72821,2
1453-72822,1
1453-72823,2
1453-72824,1
1453-72825,2
1453-72826,1
1453-72827,2
1453-72828,1
1453-72829,2
1453-72830,2
1453-72831,1
1453-72832,2
1453-72833,1
1453-72834,2
1453-72835,1
1453-72836,1
1453-72837,1
1453-72838,2
1453-72839,2
1453-72840,1
1453-72841,1
1453-72842,2
1453-72843,2
1453-72844,1
1453-72845,2
1453-72846,2
1453-72847,2
1453-72848,1
1453-72849,2
1453-72850,1
1453-72851,2
1453-72852,2
1453-72853,1
1453-72854,2
1453-72855,2
1453-72856,2
1453-72857,2
1453-72858,2
1453-72859,1
1453-72860,2
1453-72861,1
1453-72862,1
1453-72863,1
1453-72864,2
1453-72865,1
1453-72866,2
1453-72867,1
1453-72868,2
1453-72869,1
1453-72870,2
1453-72871,1
1453-72872,2
1453-72873,2
1453-72874,2
1453-72875,1
1453-72876,1
1453-72877,2
1453-72878,1
1453-72879,2
1453-72880,1
1453-72881,1
1453-72882,1
1453-72883,1
1453-72884,1
1453-72885,1
1453-72886,2
1453-72887,1
1453-72888,1
1453-72889,2
1453-72890,2
1453-72891,1
1453-72892,1
1453-72893,2
1453-72894,1
1453-72895,1
1453-72896,1
1453-72897,2
1453-72898,2
1453-72899,2
1453-72900,1
1453-75688,2
1453-78001,1
1453-78002,1
1453-78003,2
1453-78004,1
1453-78006,2
1453-78007,1
1453-78008,1
1453-78009,2
1453-78010,1
1453-78011,1
1453-78012,1
1453-78013,2
1453-78014,1
1453-78015,2
1453-78016,1
1453-78017,1
1453-78018,2
1453-78019,2
1453-78020,2
1453-78021,1
1453-78022,1
1453-78023,2
1453-78024,2
1453-78025,2
1453-78026,2
1453-78027,1
1453-78028,2
1453-78029,2
1453-78030,1
1453-78031,2
1453-78032,2
1453-78033,1
1453-78034,2
1453-78035,1
1453-78036,2
1453-78037,1
1453-78038,1
1453-78039,1
1453-78040,1
1453-78041,1
1453-78042,1
1453-78043,1
1453-78044,2
1453-78045,1
1453-78046,2
1453-78048,1
1453-78049,2
1453-78050,1
1453-78051,2
1453-78052,1
1453-78053,1
1453-78054,2
1453-78055,2
1453-78056,1
1453-78057,2
1453-78058,2
1453-78059,1
1453-78060,2
1453-78061,2
1453-78062,2
1453-78063,2
1453-78064,2
1453-78065,1
1453-78066,1
1453-78067,1
1453-78068,1
1453-78069,1
1453-78070,2
1453-78071,2
1453-78072,2
1453-78073,2
1453-78074,2
1453-78075,2
1453-78076,2
1453-78077,1
1453-78078,1
1453-78079,1
1453-78080,1
1453-78081,2
1453-78082,1
1453-78083,2
1453-78085,2
1453-78086,1
1453-78087,2
1453-78088,1
1453-78089,1
1453-78090,2
1453-78091,2
1453-78092,1
1453-78093,1
1453-78094,2
1453-78095,2
1453-78096,2
1453-78097,1
1453-78098,1
1453-78099,1
1453-78100,1
1453-78101,1
1453-78102,1
1453-78103,2
1453-78104,2
1453-78105,2
1453-78106,2
1453-78107,1
1453-78108,1
1453-78109,2
1453-78110,2
1453-78111,2
1453-78112,2
1453-78113,1
1453-78114,2
1453-78115,1
1453-78116,2
1453-78117,1
1453-78118,2
1453-78119,1
1453-78120,1
1453-78121,1
1453-78122,1
1453-78123,2
1453-78124,1
1453-78125,1
1453-78126,1
1453-78127,2
1453-78128,1
1453-78129,1
1453-78130,1
1453-78131,2
1453-78132,2
1453-78133,2
1453-78134,1
1453-78135,2
1453-78136,1
1453-78137,1
1453-78138,1
1453-78139,2
1453-78140,1
1453-78141,2
1453-78142,2
1453-78143,2
1453-78145,1
1453-78146,2
1453-78147,1
1453-78148,2
1453-78149,1
1453-78150,2
1453-78151,2
1453-78152,2
1453-78153,2
1453-78154,2
1453-78155,2
1453-78156,2
1453-78157,2
1453-78158,2
1453-78159,2
1453-78160,2
1453-78161,1
1453-78162,1
1453-78163,1
1453-78164,2
1453-78165,2
1453-78166,2
1453-78167,2
1453-78168,1
1453-78169,1
1453-78170,2
1453-78171,2
1453-78172,2
1453-78173,2
1453-78174,2
1453-78175,1
1453-78176,2
1453-78177,1
1453-78178,2
1453-78179,2
1453-78180,1
1453-78181,2
1453-78182,2
1453-78183,2
1453-78184,2
1453-78185,2
1453-78186,1
1453-78187,2
1453-78188,2
1453-78189,1
1453-78190,2
1453-78191,1
1453-78192,2
1453-78193,1
1453-78194,1
1453-78195,2
1453-78196,1
1453-78197,2
1453-78198,2
1453-78199,2
1453-78200,2
1453-78201,2
1453-78202,2
1453-78203,2
1453-78204,1
1453-78205,1
1453-78207,2
1453-78208,2
1453-78209,2
1453-78210,2
1453-78211,2
1453-78212,1
1453-78213,2
1453-78214,2
1453-78215,2
1453-78216,1
1453-78217,1
1453-78218,2
1453-78219,1
1453-78220,2
1453-78221,2
1453-78222,2
1453-78223,2
1453-78224,2
1453-78225,2
1453-78226,1
1453-78227,2
1453-78228,1
1453-78229,2
1453-78230,1
1453-78231,1
1453-78232,2
1453-78233,2
1453-78234,2
1453-78235,2
1453-78236,1
1453-78237,2
1453-78238,2
1453-78239,2
1453-78240,2
1453-78241,1
1453-78242,2
1453-78243,1
1453-78244,2
1453-78245,1
1453-78246,1
1453-78246f,2
1453-78247,1
1453-78248,2
1453-78249,2
1453-78250,2
1453-78251,2
1453-78252,1
1453-78253,2
1453-78254,1
1453-78255,2
1453-78256,2
1453-78257,1
1453-78258,1
1453-78259,2
1453-78260,1
1453-78261,1
1453-78262,2
1453-78263,1
1453-78265,2
1453-78266,2
1453-78267,1
1453-78268,2
1453-78269,1
1453-78270,2
1453-78271,1
1453-78272,1
1453-78273,1
1453-78274,2
1453-78274.1,2
1453-78275,1
1453-78276,1
1453-78277,1
1453-78278,2
1453-78279,1
1453-78280,2
1453-78281,1
1453-78282,2
1453-78283,1
1453-78284,1
1453-78285,1
1453-78286,2
1453-78287,1
1453-78288,2
1453-78289,2
1453-78290,1
1453-78291,1
1453-78292,1
1453-78293,1
1453-78295,2
1453-78296,2
1453-78298,2
1453-78299,2
1453-78300,1
1453-78301,1
1453-78302,2
1453-78303,2
1453-78304,2
1453-78305,2
1453-78306,2
1453-78307,2
1453-78308,2
1453-78309,1
1453-78310,1
1453-78311,2
1453-78312,1
1453-78313,2
1453-78314,1
1453-78315,2
1453-78316,1
1453-78317,2
1453-78318,2
1453-78319,2
1453-78321,1
1453-78322,2
1453-78323,2
1453-78324,1
1453-78325,1
1453-78326,1
1453-78327,2
1453-78328,1
1453-78329,1
1453-78330,2
1453-78331,2
1453-78332,2
1453-78333,2
1453-78334,2
1453-78335,2
1453-78336,1
1453-78337,2
1453-78338,2
1453-78339,1
1453-78340,1
1453-78341,2
1453-78342,2
1453-78343,1
1453-78344,1
1453-78345,1
1453-78346,2
1453-78347,2
1453-78348,1
1453-78349,2
1453-78350,2
1453-78351,2
1453-78352,1
1453-78353,2
1453-78354,2
1453-78355,1
1453-78356,1
1453-78357,1
1453-78358,1
1453-78359,2
1453-78360,2
1453-78361,1
1453-78362,1
1453-78363,2
1453-78364,2
1453-78365,2
1453-78365.1,1
1453-78366,1
1453-78367,2
1453-78368,1
1453-78369,1
1453-78370,1
1453-78371,2
1453-78372,2
1453-78373,2
1453-78374,1
1453-78375,1
1453-78375.1,2
1453-78376,1
1453-78377,2
1453-78378,1
1453-78379,1
1453-78380,1
1453-78381,1
1453-78382,2
1453-78383,2
1453-78385,2
1453-78386,2
1453-78387,2
1453-78388,1
1453-78389,2
1453-78390,2
1453-78391,2
1453-78392,1
1453-78393,1
1453-78394,1
1453-78395,1
1453-78396,2
1453-78398,1
1453-78399,1
1453-78400,2
1453-78402,2
1453-89906,2
1513-02001,1
1513-02002,2
1513-02003,2
1513-02004,1
1513-02005,1
1513-02006,1
1513-02007,1
1513-02008,2
1513-02009,1
1513-02010,2
1513-02011,1
1513-02012,2
1513-02013,2
1513-02014,2
1513-02015,1
1513-02016,2
1513-02017,2
1513-02018,1
1513-02019,1
1513-02020,2
1513-02021,2
1513-02022,1
1513-02023,1
1513-02024,1
1513-02025,2
1513-02026,2
1513-02027,1
1513-02028,1
1513-02029,2
1513-02030,2
1513-02031,2
1513-02032,2
1513-02033,1
1513-02034,2
1513-02035,2
1513-02036,1
1513-02037,1
1513-02038,1
1513-02039,1
1513-02040,2
1513-02041,2
1513-02042,2
1513-02043,2
1513-02044,1
1513-02045,1
1513-02046,2
1513-02047,2
1513-02048,2
1513-02049,1
1513-02050,2
1513-02051,2
1513-02052,2
1513-02053,1
1513-02054,2
1513-02055,1
1513-02056,2
1513-02057,2
1513-02058,1
1513-02059,2
1513-02060,1
1513-02061,1
1513-02062,2
1513-02063,1
1513-02064,2
1513-02065,1
1513-02066,1
1513-02067,1
1513-02068,1
1513-02069,2
1513-02070,1
1513-02071,1
1513-02072,1
1513-02073,1
1513-02074,1
1513-02075,2
1513-02076,1
1513-02077,1
1513-02078,1
1513-02079,1
1513-02080,2
1513-02081,1
1513-02082,2
1513-02083,2
1513-02084,1
1513-02085,1
1513-02086,2
1513-02087,1
1513-02088,2
1513-02089,2
1513-02090,2
1513-02091,1
1513-02092,1
1513-02093,1
1513-02094,1
1513-02095,1
1513-02096,2
1513-02097,2
1513-02098,2
1513-02099,2
1513-02100,1
1513-02266,2
1513-02401,1
1513-02402,2
1513-02403,1
1513-02404,2
1513-02405,1
1513-02406,1
1513-02407,2
1513-02409,2
1513-02410,1
1513-02411,2
1513-02412,2
1513-02413,2
1513-02414,2
1513-02415,1
1513-02416,1
1513-02417,2
1513-02418,2
1513-02419,2
1513-02420,2
1513-02421,1
1513-02422,1
1513-02423,1
1513-02424,1
1513-02425,2
1513-02426,2
1513-02427,1
1513-02428,2
1513-02429,1
1513-02430,1
1513-02431,1
1513-02432,1
1513-02433,2
1513-02434,2
1513-02435,1
1513-02436,2
1513-02437,1
1513-02438,2
1513-02439,2
1513-02441,1
1513-02442,2
1513-02443,2
1513-02444,1
1513-02445,1
1513-02446,1
1513-02447,1
1513-02448,2
1513-02449,2
1513-02450,2
1513-02451,2
1513-02452,2
1513-02453,2
1513-02454,1
1513-02455,2
1513-02456,2
1513-02457,1
1513-02458,2
1513-02459,1
1513-02460,1
1513-02461,1
1513-02462,2
1513-02463,2
1513-02464,1
1513-02465,2
1513-02466,2
1513-02467,2
1513-02468,1
1513-02469,2
1513-02470,2
1513-02471,1
1513-02472,2
1513-02473,1
1513-02474,1
1513-02475,1
1513-02476,2
1513-02477,1
1513-02478,2
1513-02479,1
1513-02480,2
1513-02481,1
1513-02482,2
1513-02483,2
1513-02484,1
1513-02485,2
1513-02486,1
1513-02487,2
1513-02488,1
1513-02489,2
1513-02490,2
1513-02491,2
1513-02492,2
1513-02493,1
1513-02494,2
1513-02495,2
1513-02496,1
1513-02497,2
1513-02498,2
1513-02499,1
1513-02500,1
1513-46094,2
1513-46365,2
1513-50080,1
1513-50081,2
1513-50082,2
1513-50083,1
1513-50084,2
1513-50085,1
1513-50086,2
1513-50087,2
1513-50088,2
1513-50089,2
1513-50090,2
1513-50091,2
1513-50092,2
1513-50093,1
1513-50094,1
1513-50095,2
1513-50096,2
1513-50097,2
1513-50098,2
1513-50099,2
1513-50100,1
1513-50101,2
1513-50102,1
1513-50103,1
1513-50104,2
1513-50105,1
1513-50106,2
1513-50107,2
1513-50108,2
1513-50110,1
1513-50111,1
1513-50112,1
1513-50113,2
1513-50114,1
1513-50115,2
1513-50116,2
1513-50117,2
1513-50118,1
1513-50119,2
1513-50120,2
1513-50121,2
1513-50122,2
1513-50123,2
1513-50124,2
1513-50125,2
1513-50126,1
1513-50127,1
1513-50128,1
1513-50129,1
1513-50130,1
1513-50131,1
1513-50132,1
1513-50133,1
1513-50134,1
1513-50135,1
1513-50136,1
1513-50137,1
1513-50138,2
1513-50139,2
1513-50140,1
1513-50141,2
1513-50143,1
1513-50144,2
1513-50145,1
1513-50146,2
1513-50147,1
1513-50148,1
1513-50149,2
1513-50150,2
1513-50151,1
1513-50152,2
1513-50153,1
1513-50154,1
1513-50155,2
1513-50156,1
1513-50157,1
1513-50158,2
1513-50159,2
1513-50160,2
1513-50161,2
1513-50162,1
1513-50163,1
1513-50164,2
1513-50165,2
1513-50166,2
1513-50167,1
1513-50168,1
1513-50169,2
1513-50170,1
1513-50171,2
1513-50172,2
1513-50173,1
1513-50174,1
1513-50175,1
1513-50176,2
1513-50177,2
1513-50178,2
1513-50179,1
1513-50180,1
1513-50181,1
1513-50182,2
1513-50183,2
1513-50184,2
1513-50185,2
1513-50186,1
1513-50187,1
1513-50188,1
1513-50189,1
1513-50190,1
1513-50191,1
1513-50192,2
1513-50193,2
1513-50194,2
1513-50195,2
1513-50196,2
1513-50197,1
1513-50198,1
1513-50199,1
1513-50200,2
1513-50201,2
1513-50202,1
1513-50203,2
1513-50204,2
1513-50205,2
1513-50206,2
1513-50207,1
1513-50208,1
1513-50209,1
1513-50210,2
1513-50211,1
1513-50212,1
1513-50213,1
1513-50214,1
1513-50215,1
1513-50216,2
1513-50217,1
1513-50218,2
1513-50219,2
1513-50220,1
1513-50221,1
1513-50222,1
1513-50223,2
1513-50224,1
1513-50225,2
1513-50226,1
1513-50227,2
1513-50228,1
1513-50229,2
1513-50230,2
1513-50231,2
1513-50232,1
1513-50233,1
1513-50234,1
1513-50235,2
1513-50236,1
1513-50237,1
1513-50238,2
1513-50239,1
1513-50240,1
1513-50241,1
1513-50242,2
1513-50243,2
1513-50244,1
1513-50245,1
1513-50246,2
1513-50247,2
1513-50248,1
1513-50249,2
1513-50250,2
1513-50251,1
1513-50252,1
1513-50253,2
1513-50254,1
1513-50255,1
1513-50256,1
1513-50257,2
1513-50258,2
1513-50259,1
1513-50260,1
1513-50261,1
1513-50262,1
1513-50263,1
1513-50264,2
1513-50265,1
1513-50266,1
1513-50267,2
1513-50268,1
1513-50269,1
1513-50270,2
1513-50271,1
1513-50272,1
1513-50273,1
1513-50274,1
1513-50275,1
1513-50276,2
1513-50277,2
1513-50278,1
1513-50279,2
1513-50280,2
1513-50281,2
1513-50282,2
1513-50283,1
1513-50284,2
1513-50285,2
1513-50286,1
1513-50287,1
1513-50288,2
1513-50289,2
1513-50290,2
1513-50291,2
1513-50292,1
1513-50293,2
1513-50294,2
1513-50295,1
1513-50296,2
1513-50297,1
1513-50298,1
1513-50299,2
1513-50300,1
1513-50301,1
1513-50302,1
1513-50303,1
1513-50304,2
1513-50305,2
1513-50306,1
1513-50307,1
1513-50308,2
1513-50309,2
1513-50310,2
1513-50311,1
1513-50312,1
1513-50313,2
1513-50314,2
1513-50315,1
1513-50316,1
1513-50317,1
1513-50318,1
1513-50319,1
1513-50320,2
1513-50321,2
1513-50322,2
1513-50323,2
1513-50324,2
1513-50325,1
1513-50326,2
1513-50327,2
1513-50328,2
1513-50329,1
1513-50330,1
1513-50331,2
1513-50332,1
1513-50333,2
1513-50334,1
1513-50335,1
1513-50336,2
1513-50337,1
1513-50338,2
1513-50339,1
1513-50340,1
1513-50341,1
1513-50342,2
1513-50343,2
1513-50344,2
1513-50345,2
1513-50346,1
1513-50347,1
1513-50348,1
1513-50349,2
1513-50350,1
1513-50351,2
1513-50352,2
1513-50353,2
1513-50354,2
1513-50355,2
1513-50356,2
1513-50357,2
1513-50358,1
1513-50359,1
1513-50360,1
1513-50361,2
1513-50362,2
1513-50363,1
1513-50364,2
1513-50365,2
1513-50366,2
1513-50367,1
1513-50368,2
1513-50369,2
1513-50370,2
1513-50371,1
1513-50372,2
1513-50373,2
1513-50374,2
1513-50375,2
1513-50376,2
1513-50377,2
1513-50378,2
1513-50379,1
1513-50380,2
1513-50381,1
1513-50382,2
1513-50383,1
1513-50384,1
1513-50385,2
1513-50386,1
1513-50387,2
1513-50388,1
1513-50389,2
1513-50390,1
1513-50391,1
1513-50391.1,2
1513-50392,1
1513-50393,1
1513-50394,2
1513-50395,2
1513-50396,1
1513-50397,1
1513-50398,1
1513-50399,1
1513-50400,2
1513-50544,2
1513-50601,1
1513-50602,1
1513-50603,2
1513-50604,2
1513-50605,2
1513-50606,2
1513-50607,2
1513-50608,2
1513-50609,1
1513-50610,2
1513-50611,1
1513-50612,1
1513-50613,2
1513-50614,1
1513-50615,1
1513-50616,1
1513-50617,2
1513-50618,1
1513-50619,1
1513-50620,2
1513-50621,2
1513-50622,2
1513-50623,1
1513-50624,1
1513-50625,1
1513-50626,2
1513-50627,1
1513-50628,1
1513-50629,1
1513-50630,1
1513-50631,2
1513-50632,2
1513-50633,2
1513-50634,1
1513-50635,1
1513-50636,2
1513-50637,1
1513-50638,1
1513-50639,1
1513-50640,1
1513-50641,1
1513-50642,1
1513-50643,2
1513-50644,1
1513-50645,2
1513-50646,1
1513-50647,2
1513-50648,1
1513-50649,2
1513-50650,2
1513-50651,2
1513-50652,2
1513-50653,2
1513-50654,1
1513-50655,1
1513-50656,2
1513-50657,2
1513-50658,1
1513-50659,2
1513-50660,2
1513-50661,2
1513-50662,2
1513-50663,2
1513-50664,1
1513-50665,2
1513-50666,2
1513-50667,1
1513-50668,2
1513-50669,2
1513-50671,2
1513-50672,1
1513-50673,2
1513-50674,2
1513-50675,1
1513-50676,1
1513-50677,2
1513-50678,1
1513-50679,2
1513-50680,2
1513-50681,1
1513-50682,1
1513-50683,1
1513-50684,2
1513-50685,1
1513-50686,2
1513-50687,1
1513-50688,2
1513-50689,2
1513-50690,2
1513-50691,1
1513-50692,1
1513-50693,1
1513-50694,2
1513-50695,2
1513-50696,1
1513-50697,2
1513-50698,2
1513-50699,1
1513-50700,2
1513-50700.1,1
1513-50701,2
1513-50702,2
1513-50703,1
1513-50704,2
1513-50705,2
1513-50706,1
1513-50707,1
1513-50708,1
1513-50709,1
1513-50710,2
1513-50711,1
1513-50712,2
1513-50713,2
1513-50714,2
1513-50715,1
1513-50716,2
1513-50717,1
1513-50718,2
1513-50719,2
1513-50720,1
1513-50721,2
1513-50722,1
1513-50723,2
1513-50724,1
1513-50725,1
1513-50726,1
1513-50727,2
1513-50728,1
1513-50729,1
1513-50730,1
1513-50731,1
1513-50732,1
1513-50733,2
1513-50734,2
1513-50735,2
1513-50736,2
1513-50737,2
1513-50738,1
1513-50739,1
1513-50740,2
1513-50741,2
1513-50742,2
1513-50743,2
1513-50744,1
1513-50745,1
1513-50746,1
1513-50746.1,2
1513-50747,1
1513-50748,1
1513-50749,1
1513-50750,2
1513-50751,2
1513-50752,1
1513-50753,1
1513-50754,1
1513-50755,1
1513-50756,2
1513-50757,1
1513-50758,2
1513-50759,2
1513-50760,2
1513-50761,2
1513-50762,2
1513-50763,1
1513-50764,1
1513-50765,1
1513-50766,2
1513-50767,2
1513-50768,1
1513-50769,1
1513-50770,1
1513-50771,2
1513-50772,2
1513-50773,2
1513-50774,2
1513-50775,2
1513-50776,1
1513-50777,1
1513-50778,1
1513-50779,2
1513-50780,1
1513-50781,2
1513-50782,2
1513-50783,2
1513-50784,1
1513-50785,2
1513-50786,2
1513-50787,2
1513-50788,2
1513-50789,2
1513-50790,2
1513-50791,2
1513-50792,1
1513-50793,2
1513-50794,1
1513-50795,2
1513-50796,2
1513-50797,2
1513-50798,1
1513-50799,1
1513-50800,2
1513-50801,2
1513-50802,1
1513-50803,2
1513-50804,1
1513-50805,1
1513-50806,1
1513-50807,2
1513-50808,2
1513-50809,1
1513-50810,2
1513-50811,1
1513-50812,1
1513-50813,1
1513-50814,1
1513-50815,2
1513-50816,1
1513-50817,2
1513-50818,1
1513-50820,2
1513-50821,2
1513-50822,2
1513-50823,1
1513-50824,1
1513-50825,2
1513-50826,1
1513-50827,1
1513-50828,2
1513-50829,2
1513-50830,1
1513-50831,1
1513-50832,2
1513-50833,2
1513-50834,2
1513-50835,1
1513-50836,2
1513-50837,1
1513-50838,2
1513-50839,2
1513-50840,1
1513-50841,1
1513-50842,1
1513-50843,2
1513-50844,1
1513-50845,2
1513-50846,2
1513-50847,2
1513-50848,1
1513-50849,1
1513-50850,1
1513-50851,2
1513-50852,2
1513-50853,1
1513-50854,1
1513-50855,2
1513-50857,2
1513-50858,2
1513-50859,1
1513-50860,1
1513-50861,2
1513-50862,2
1513-50863,1
1513-50864,1
1513-50865,1
1513-50866,2
1513-50867,1
1513-50868,2
1513-50869,2
1513-50870,1
1513-50871,2
1513-50872,1
1513-50873,2
1513-50874,2
1513-50875,2
1513-50876,2
1513-50877,2
1513-50878,1
1513-50879,2
1513-50880,2
1513-50881,2
1513-50882,2
1513-50883,1
1513-50884,1
1513-50885,2
1513-50886,2
1513-50887,2
1513-50888,2
1513-50889,1
1513-50890,1
1513-50891,1
1513-50892,2
1513-50893,2
1513-50894,2
1513-50895,1
1513-50896,2
1513-50897,2
1513-50898,2
1513-50899,1
1513-50900,2
1513-50901,2
1513-50902,2
1513-50903,1
1513-50904,1
1513-50905,2
1513-50906,1
1513-50907,1
1513-50908,1
1513-50909,2
1513-50910,1
1513-50911,2
1513-50912,2
1513-50913,1
1513-50914,2
1513-50915,2
1513-50916,2
1513-50917,1
1513-50918,2
1513-50919,2
1513-50920,2
1513-50921,2
1513-50922,1
1513-50923,1
1513-50924,1
1513-50925,2
1513-50926,2
1513-50927,1
1513-50928,1
1513-50929,1
1513-50930,2
1513-50931,1
1513-50932,1
1513-50933,1
1513-50934,2
1513-50935,2
1513-50936,1
1513-50937,1
1513-50938,2
1513-50939,1
1513-50940,1
1513-50941,2
1513-50942,1
1513-50943,1
1513-50944,1
1513-50945,2
1513-50946,1
1513-50947,2
1513-50948,1
1513-50949,2
1513-50950,2
1513-50951,2
1513-50952,1
1513-50953,1
1513-50954,1
1513-50955,2
1513-50956,1
1513-50957,1
1513-50958,1
1513-50959,2
1513-50960,1
1513-50961,2
1513-50962,2
1513-50963,1
1513-50964,1
1513-50965,1
1513-50966,1
1513-50967,2
1513-50968,2
1513-50969,1
1513-50970,2
1513-50971,1
1513-50972,1
1513-50973,2
1513-50974,2
1513-50975,1
1513-50976,1
1513-50977,1
1513-50978,2
1513-50979,2
1513-50980,2
1513-50981,1
1513-50982,1
1513-50983,2
1513-50984,1
1513-50985,1
1513-50986,1
1513-50987,1
1513-50988,1
1513-50989,1
1513-50990,1
1513-50991,1
1513-50992,2
1513-50993,1
1513-50994,2
1513-50995,1
1513-50996,1
1513-50997,1
1513-50998,2
1513-50999,2
1513-51000,1
1573-65001,2
1573-65002,2
1573-65003,1
1573-65004,2
1573-65005,1
1573-65006,2
1573-65007,2
1573-65008,1
1573-65009,1
1573-65010,2
1573-65011,2
1573-65012,1
1573-65013,2
1573-65014,1
1573-65015,1
1573-65016,1
1573-65017,2
1573-65018,2
1573-65019,1
1573-65020,1
1573-65021,2
1573-65022,2
1573-65023,2
1573-65024,2
1573-65025,1
1573-65026,2
1573-65027,2
1573-65028,2
1573-65029,2
1573-65030,2
1573-65031,1
1573-65032,2
1573-65033,2
1573-65034,1
1573-65035,1
1573-65036,2
1573-65037,2
1573-65038,1
1573-65039,1
1573-65040,1
1573-65041,1
1573-65042,2
1573-65043,2
1573-65044,2
1573-65045,2
1573-65046,2
1573-65047,2
1573-65048,2
1573-65049,1
1573-65050,2
1573-65051,2
1573-65052,1
1573-65053,1
1573-65054,1
1573-65055,2
1573-65056,2
1573-65057,2
1573-65058,2
1573-65059,2
1573-65060,2
1573-65061,1
1573-65062,1
1573-65063,1
1573-65064,2
1573-65065,2
1573-65066,2
1573-65067,1
1573-65068,1
1573-65069,1
1573-65070,2
1573-65071,1
1573-65072,2
1573-65073,1
1573-65074,1
1573-65075,2
1573-65076,1
1573-65078,2
1573-65079,1
1573-65080,1
1573-65081,1
1573-65082,2
1573-65083,2
1573-65084,1
1573-65085,2
1573-65086,1
1573-65087,1
1573-65088,1
1573-65089,1
1573-65090,2
1573-65091,1
1573-65092,2
1573-65093,2
1573-65094,1
1573-65095,1
1573-65096,2
1573-65097,1
1573-65098,1
1573-65099,2
1573-65100,1
1573-65901,2
1573-65902,1
1573-65903,2
1573-65904,2
1573-65905,1
1573-65906,2
1573-65907,2
1573-65908,2
1573-65909,2
1573-65910,1
1573-65911,2
1573-65912,1
1573-65913,2
1573-65914,2
1573-65915,2
1573-65916,1
1573-65917,2
1573-65918,2
1573-65919,2
1573-65920,2
1573-65921,2
1573-65922,2
1573-65923,2
1573-65924,1
1573-65925,1
1573-65926,2
1573-65927,2
1573-65928,1
1573-65929,1
1573-65930,1
1573-65931,2
1573-65932,2
1573-65933,2
1573-65934,1
1573-65935,2
1573-65936,1
1573-65937,1
1573-65938,1
1573-65939,2
1573-65940,1
1573-65941,1
1573-65942,1
1573-65943,2
1573-65944,1
1573-65945,1
1573-65946,1
1573-65947,2
1573-65948,1
1573-65950,2
1573-65951,2
1573-65952,1
1573-65953,1
1573-65954,1
1573-65955,2
1573-65956,2
1573-65957,1
1573-65958,1
1573-65959,2
1573-65960,1
1573-65961,1
1573-65962,2
1573-65963,1
1573-65964,2
1573-65965,1
1573-65965.1,1
1573-65966,1
1573-65967,1
1573-65968,2
1573-65969,2
1573-65970,1
1573-65971,2
1573-65972,1
1573-65973,2
1573-65974,2
1573-65975,1
1573-65976,1
1573-65977,1
1573-65978,2
1573-65979,1
1573-65980,1
1573-65981,2
1573-65982,1
1573-65983,2
1573-65984,2
1573-65985,2
1573-65986,2
1573-65988,1
1573-65989,1
1573-65990,1
1573-65991,2
1573-65992,2
1573-65993,1
1573-65994,1
1573-65995,2
1573-65996,1
1573-65997,1
1573-65998,1
1573-65999,1
1573-66000,1
1573-66056,1
1573-66057,2
1573-66058,1
1573-66059,1
1573-66060,2
1573-66061,1
1573-66062,1
1573-66063,1
1573-66064,2
1573-66065,1
1573-66066,2
1573-66067,2
1573-66068,1
1573-66069,1
1573-66070,1
1573-66071,1
1573-66072,1
1573-66073,1
1573-66074,1
1573-66075,2
1573-66076,1
1573-66077,2
1573-66078,1
1573-66079,1
1573-66080,2
1573-66081,2
1573-66082,1
1573-66083,2
1573-66084,1
1573-66085,1
1573-66086,2
1573-66087,2
1573-66088,1
1573-66089,2
1573-66090,2
1573-66091,2
1573-66092,1
1573-66093,2
1573-66094,1
1573-66095,1
1573-66096,2
1573-66097,1
1573-66098,2
1573-66100,1
1573-66101,2
1573-66107,2
1573-66191,1
1573-66194,2
1573-66195,1
1573-66196,1
1573-66250,2
1573-66251,1
1573-66270,2
1573-66361,2
1573-66501,2
1573-66502,1
1573-66503,1
1573-66504,2
1573-66505,1
1573-66506,1
1573-66507,1
1573-66508,2
1573-66509,1
1573-66510,1
1573-66511,2
1573-66512,2
1573-66513,2
1573-66514,1
1573-66515,2
1573-66516,2
1573-66517,2
1573-66518,2
1573-66519,1
1573-66520,1
1573-66521,1
1573-66522,2
1573-66523,1
1573-66524,1
1573-66525,2
1573-66526,2
1573-66527,2
1573-66528,1
1573-66529,2
1573-66530,2
1573-66532,1
1573-66533,1
1573-66534,1
1573-66535,2
1573-66536,1
1573-66537,2
1573-66538,1
1573-66539,2
1573-66540,2
1573-66541,2
1573-66542,2
1573-66543,2
1573-66544,2
1573-66545,2
1573-66546,1
1573-66547,2
1573-66548,1
1573-66549,1
1573-66550,2
1573-66551,2
1573-66552,2
1573-66553,2
1573-66554,1
1573-66555,2
1573-66556,2
1573-66557,1
1573-66558,1
1573-66559,2
1573-66560,2
1573-66561,1
1573-66562,2
1573-66563,1
1573-66564,1
1573-66565,1
1573-66566,2
1573-66567,2
1573-66568,2
1573-66569,1
1573-66570,1
1573-66571,1
1573-66572,2
1573-66573,1
1573-66574,2
1573-66575,2
1573-66576,2
1573-66577,2
1573-66578,2
1573-66579,2
1573-66580,1
1573-66581,2
1573-66582,2
1573-66583,1
1573-66584,1
1573-66585,1
1573-66586,1
1573-66587,1
1573-66588,2
1573-66589,2
1573-66590,1
1573-66591,2
1573-66592,2
1573-66593,2
1573-66594,2
1573-66595,2
1573-66596,1
1573-66597,1
1573-66598,1
1573-66599,1
1573-66600,1
1573-66601,2
1573-66602,1
1573-66603,1
1573-66604,2
1573-66605,1
1573-66606,2
1573-66607,1
1573-66608,1
1573-66609,1
1573-66610,1
1573-66611,1
1573-66612,2
1573-66613,1
1573-66614,1
1573-66615,1
1573-66616,1
1573-66617,2
1573-66618,1
1573-66619,2
1573-66620,2
1573-66621,1
1573-66622,1
1573-66623,2
1573-66624,2
1573-66625,1
1573-66626,1
1573-66627,2
1573-66628,1
1573-66629,2
1573-66630,1
1573-66631,1
1573-66632,2
1573-66633,1
1573-66634,1
1573-66635,2
1573-66636,2
1573-66637,1
1573-66638,2
1573-66639,2
1573-66640,1
1573-66641,1
1573-66642,1
1573-66643,1
1573-66644,1
1573-66645,1
1573-66646,2
1573-66647,2
1573-66648,1
1573-66649,2
1573-66650,2
1573-66652,1
1573-66653,1
1573-66654,1
1573-66655,1
1573-66656,1
1573-66657,1
1573-66658,2
1573-66659,1
1573-66660,2
1573-66661,2
1573-66662,1
1573-66663,2
1573-66665,1
1573-66666,1
1573-66667,1
1573-66668,2
1573-66669,1
1573-66670,1
1573-66671,2
1573-66672,2
1573-66673,1
1573-66674,2
1573-66675,1
1573-66676,1
1573-66677,2
1573-66678,2
1573-66679,2
1573-66680,2
1573-66681,2
1573-66682,2
1573-66683,2
1573-66684,1
1573-66685,1
1573-66686,1
1573-66687,2
1573-66688,1
1573-66689,1
1573-66690,1
1573-66691,2
1573-66692,1
1573-66693,2
1573-66694,1
1573-66695,2
1573-66696,2
1573-66697,2
1573-66698,2
1573-66699,1
1573-66700,2
1573-97117,2
1573-97124,2
1573-97132,1
1573-97133,1
1573-97143,1
1573-97149,1
1573-97150,1
1573-97152,2
1573-97167,2
1573-97173,2
1573-97621,2
1573-97901,1
1573-97902,2
1573-97903,1
1573-97904,1
1573-97905,2
1573-97907,1
1573-97908,2
1573-97909,1
1573-97910,1
1573-97911,1
1573-97912,2
1573-97913,2
1573-97914,1
1573-97915,1
1573-97916,1
1573-97917,1
1573-97918,1
1573-97919,2
1573-97920,2
1573-97921,2
1573-97922,2
1573-97923,1
1573-97924,1
1573-97925,1
1573-97926,2
1573-97927,2
1573-97928,1
1573-97929,2
1573-97930,2
1573-97931,1
1573-97933,2
1573-97934,2
1573-97935,1
1573-97936,2
1573-97937,2
1573-97938,2
1573-97939,2
1573-97940,2
1573-97941,2
1573-97942,1
1573-97943,2
1573-97944,1
1573-97945,2
1573-97946,1
1573-97947,2
1573-97948,1
1573-97949,1
1573-97950,1
1573-97951,1
1573-97952,1
1573-97953,1
1573-97954,1
1573-97955,2
1573-97956,1
1573-97957,2
1573-97958,1
1573-97959,1
1573-97960,2
1573-97961,1
1573-97962,2
1573-97963,1
1573-97964,1
1573-97965,1
1573-97966,2
1573-97967,2
1573-97968,1
1573-97969,2
1573-97970,2
1573-97971,2
1573-97972,2
1573-97973,2
1573-97974,2
1573-97975,2
1573-97976,1
1573-97977,2
1573-97978,2
1573-97979,2
1573-97980,1
1573-97981,2
1573-97982,2
1573-97983,1
1573-97984,1
1573-97985,2
1573-97986,2
1573-97987,1
1573-97988,2
1573-97989,2
1573-97990,1
1573-97991,2
1573-97992,1
1573-97993,1
1573-97994,2
1573-97995,2
1573-97996,2
1573-97997,2
1573-97998,2
1573-97999,1
1573-98000,1
1603-16501,1
1603-16502,1
1603-16503,2
1603-16504,2
1603-16505,2
1603-16506,1
1603-16507,1
1603-16508,2
1603-16509,2
1603-16510,1
1603-16511,1
1603-16512,2
1603-16513,1
1603-16514,1
1603-16515,2
1603-16516,1
1603-16517,2
1603-16518,1
1603-16519,1
1603-16520,2
1603-16521,2
1603-16522,2
1603-16523,2
1603-16524,1
1603-16525,2
1603-16526,2
1603-16527,2
1603-16528,1
1603-16529,1
1603-16530,1
1603-16531,1
1603-16532,2
1603-16533,2
1603-16534,2
1603-16535,2
1603-16536,2
1603-16537,2
1603-16538,1
1603-16539,1
1603-16540,2
1603-16541,2
1603-16542,1
1603-16543,1
1603-16544,2
1603-16545,1
1603-16546,1
1603-16547,1
1603-16548,2
1603-16549,1
1603-16550,1
1603-16551,2
1603-16552,2
1603-16553,2
1603-16554,2
1603-16555,2
1603-16556,1
1603-16557,2
1603-16558,2
1603-16559,2
1603-16560,2
1603-16561,1
1603-16562,2
1603-16563,1
1603-16564,1
1603-16565,1
1603-16566,2
1603-16567,1
1603-16568,2
1603-16569,2
1603-16570,1
1603-16571,1
1603-16572,1
1603-16573,2
1603-16574,2
1603-16575,2
1603-16576,2
1603-16577,2
1603-16578,2
1603-16579,2
1603-16580,1
1603-16581,2
1603-16582,2
1603-16583,2
1603-16584,1
1603-16585,2
1603-16586,2
1603-16587,2
1603-16588,2
1603-16589,1
1603-16590,2
1603-16591,1
1603-16592,1
1603-16593,2
1603-16594,1
1603-16595,1
1603-16596,2
1603-16597,1
1603-16598,2
1603-16599,2
1603-16600,1
1603-16601,1
1603-16602,2
1603-16603,2
1603-16604,2
1603-16605,1
1603-16606,2
1603-16607,2
1603-16608,1
1603-16609,1
1603-16610,1
1603-16611,1
1603-16612,1
1603-16613,1
1603-16614,2
1603-16615,1
1603-16616,1
1603-16617,1
1603-16618,1
1603-16619,1
1603-16620,2
1603-16621,1
1603-16622,2
1603-16623,1
1603-16624,1
1603-16625,1
1603-16626,1
1603-16627,1
1603-16628,1
1603-16629,2
1603-16630,2
1603-16631,1
1603-16632,1
1603-16633,1
1603-16634,2
1603-16635,2
1603-16636,2
1603-16637,2
1603-16638,1
1603-16639,1
1603-16640,1
1603-16641,2
1603-16642,2
1603-16643,2
1603-16644,2
1603-16645,2
1603-16646,2
1603-16647,1
1603-16648,2
1603-16649,2
1603-16650,1
1603-16651,1
1603-16652,2
1603-16653,1
1603-16654,2
1603-16655,2
1603-16656,1
1603-16657,2
1603-16658,2
1603-16659,2
1603-16660,1
1603-16661,1
1603-16662,1
1603-16663,2
1603-16664,2
1603-16665,1
1603-16666,1
1603-16667,2
1603-16668,1
1603-16669,2
1603-16670,2
1603-16671,2
1603-16672,1
1603-16673,1
1603-16674,1
1603-16675,1
1603-16676,1
1603-16677,1
1603-16678,2
1603-16679,2
1603-16680,1
1603-16681,2
1603-16682,1
1603-16683,2
1603-16684,1
1603-16685,2
1603-16686,2
1603-16687,2
1603-16688,2
1603-16689,2
1603-16690,1
1603-16691,2
1603-16692,1
1603-16693,2
1603-16694,1
1603-16695,1
1603-16696,1
1603-16697,1
1603-16698,1
1603-16699,2
1603-16700,1
1603-17103,2
1603-17105,1
1603-17106,1
1603-17107,1
1603-17108,1
1603-17109,1
1603-17110,2
1603-17111,2
1603-17112,2
1603-17113,2
1603-17114,2
1603-17115,1
1603-17116,2
1603-17117,1
1603-17118,1
1603-17119,1
1603-17120,2
1603-17121,1
1603-17122,1
1603-17123,1
1603-17124,1
1603-17125,1
1603-17126,2
1603-17127,1
1603-17128,2
1603-17129,1
1603-17130,2
1603-17131,2
1603-17132,2
1603-17133,2
1603-17134,1
1603-17135,2
1603-17136,2
1603-17137,1
1603-17138,2
1603-17139,1
1603-17140,2
1603-17141,2
1603-17142,1
1603-17143,2
1603-17144,2
1603-17145,1
1603-17146,1
1603-17147,2
1603-17148,2
1603-17149,2
1603-17150,1
1603-17151,2
1603-17152,1
1603-17153,2
1603-17154,2
1603-17155,1
1603-17156,2
1603-17157,1
1603-17158,1
1603-17159,1
1603-17160,1
1603-17161,1
1603-17162,2
1603-17163,1
1603-17164,1
1603-17165,1
1603-17166,2
1603-17167,2
1603-17168,1
1603-17169,1
1603-17170,2
1603-17171,1
1603-17172,2
1603-17173,2
1603-17174,2
1603-17175,1
1603-17176,2
1603-17177,2
1603-17178,2
1603-17179,2
1603-17180,1
1603-17181,2
1603-17182,1
1603-17183,2
1603-17184,1
1603-17185,2
1603-17186,2
1603-17187,2
1603-17188,2
1603-17189,2
1603-17190,2
1603-17191,2
1603-17192,2
1603-17193,2
1603-17194,2
1603-17195,1
1603-17196,1
1603-17197,2
1603-17198,2
1603-17199,1
1603-17200,2
1603-17201,1
1603-17202,1
1603-17203,1
1603-17204,1
1603-17205,2
1603-17206,1
1603-17207,1
1603-17208,2
1603-17209,1
1603-17210,2
1603-17211,2
1603-17212,2
1603-17213,2
1603-17214,2
1603-17215,2
1603-17216,1
1603-17217,1
1603-17218,2
1603-17219,1
1603-17220,2
1603-17221,2
1603-17222,1
1603-17223,1
1603-17224,1
1603-17225,2
1603-17226,1
1603-17227,2
1603-17229,2
1603-17230,2
1603-17231,2
1603-17232,2
1603-17233,1
1603-17234,1
1603-17235,1
1603-17236,2
1603-17237,1
1603-17238,2
1603-17239,2
1603-17240,1
1603-17241,1
1603-17242,2
1603-17243,2
1603-17244,2
1603-17245,1
1603-17246,2
1603-17247,2
1603-17248,2
1603-17249,2
1603-17250,2
1603-17251,2
1603-17252,1
1603-17253,2
1603-17254,2
1603-17255,1
1603-17256,1
1603-17257,1
1603-17258,2
1603-17259,1
1603-17260,1
1603-17261,1
1603-17262,2
1603-17263,1
1603-17264,1
1603-17265,2
1603-17266,2
1603-17267,2
1603-17268,2
1603-17269,2
1603-17270,1
1603-17271,2
1603-17272,2
1603-17273,2
1603-17274,2
1603-17275,1
1603-17276,1
1603-17277,2
1603-17278,2
1603-17279,1
1603-17280,2
1603-17281,2
1603-17282,2
1603-17283,2
1603-17284,2
1603-17285,2
1603-17286,1
1603-17287,1
1603-17288,1
1603-17289,1
1603-17290,2
1603-17291,2
1603-17292,1
1603-17293,2
1603-17294,2
1603-17295,2
1603-17296,2
1603-17297,1
1603-17298,1
1603-17299,2
1603-17300,2
1603-17401,2
1603-17402,2
1603-17403,1
1603-17404,1
1603-17405,2
1603-17406,2
1603-17407,2
1603-17408,2
1603-17409,1
1603-17410,2
1603-17411,1
1603-17412,2
1603-17413,1
1603-17414,1
1603-17415,2
1603-17416,2
1603-17417,2
1603-17418,2
1603-17419,1
1603-17420,1
1603-17421,1
1603-17422,1
1603-17423,2
1603-17424,1
1603-17425,2
1603-17426,1
1603-17427,2
1603-17428,2
1603-17429,1
1603-17430,1
1603-17431,1
1603-17432,1
1603-17433,2
1603-17434,2
1603-17435,1
1603-17436,1
1603-17437,2
1603-17438,2
1603-17439,2
1603-17440,1
1603-17441,1
1603-17442,1
1603-17443,1
1603-17445,2
1603-17446,2
1603-17447,2
1603-17448,1
1603-17449,2
1603-17450,1
1603-17451,1
1603-17452,1
1603-17453,1
1603-17454,1
1603-17455,2
1603-17456,2
1603-17457,1
1603-17458,1
1603-17459,1
1603-17460,1
1603-17461,1
1603-17462,2
1603-17463,1
1603-17464,1
1603-17465,1
1603-17466,2
1603-17467,1
1603-17468,2
1603-17469,1
1603-17470,1
1603-17471,1
1603-17472,1
1603-17473,1
1603-17474,2
1603-17475,1
1603-17476,1
1603-17477,1
1603-17478,2
1603-17479,1
1603-17480,2
1603-17481,1
1603-17482,2
1603-17483,2
1603-17484,1
1603-17485,1
1603-17486,1
1603-17487,2
1603-17488,2
1603-17489,1
1603-17490,2
1603-17491,1
1603-17492,2
1603-17493,2
1603-17494,1
1603-17495,1
1603-17496,2
1603-17497,2
1603-17498,2
1603-17499,2
1603-17500,1
1603-51001,1
1603-51002,1
1603-51003,2
1603-51004,2
1603-51005,2
1603-51006,1
1603-51007,2
1603-51008,2
1603-51009,1
1603-51010,1
1603-51011,1
1603-51012,2
1603-51013,1
1603-51014,1
1603-51015,2
1603-51016,1
1603-51017,1
1603-51018,2
1603-51019,1
1603-51020,2
1603-51021,1
1603-51022,2
1603-51023,1
1603-51024,1
1603-51025,1
1603-51026,1
1603-51027,2
1603-51028,1
1603-51029,2
1603-51030,2
1603-51031,2
1603-51032,2
1603-51033,1
1603-51034,1
1603-51035,2
1603-51036,1
1603-51037,1
1603-51039,1
1603-51040,1
1603-51041,2
1603-51042,2
1603-51043,1
1603-51044,2
1603-51045,2
1603-51046,1
1603-51047,2
1603-51048,1
1603-51049,1
1603-51050,1
1603-51051,2
1603-51052,1
1603-51053,2
1603-51054,2
1603-51055,2
1603-51056,1
1603-51057,2
1603-51058,1
1603-51059,1
1603-51060,2
1603-51061,2
1603-51062,2
1603-51063,1
1603-51064,2
1603-51065,1
1603-51066,2
1603-51067,1
1603-51068,2
1603-51069,1
1603-51070,2
1603-51071,1
1603-51072,1
1603-51073,1
1603-51074,2
1603-51075,2
1603-51076,2
1603-51077,1
1603-51078,1
1603-51079,1
1603-51080,2
1603-51081,1
1603-51082,2
1603-51083,1
1603-51084,2
1603-51085,1
1603-51086,1
1603-51087,1
1603-51088,2
1603-51089,1
1603-51090,1
1603-51091,1
1603-51092,1
1603-51093,1
1603-51094,2
1603-51095,2
1603-51096,2
1603-51097,1
1603-51098,1
1603-51099,1
1603-51100,2
1603-51101,1
1603-51102,1
1603-51103,2
1603-51104,1
1603-51105,2
1603-51106,1
1603-51107,1
1603-51108,1
1603-51109,2
1603-51110,2
1603-51111,1
1603-51112,1
1603-51113,1
1603-51114,2
1603-51115,2
1603-51116,2
1603-51117,1
1603-51118,1
1603-51119,2
1603-51120,1
1603-51121,1
1603-51122,1
1603-51123,2
1603-51124,1
1603-51125,1
1603-51126,2
1603-51127,1
1603-51128,1
1603-51129,1
1603-51130,2
1603-51131,1
1603-51132,2
1603-51133,2
1603-51134,2
1603-51135,1
1603-51136,2
1603-51137,2
1603-51138,1
1603-51139,2
1603-51140,1
1603-51141,2
1603-51142,2
1603-51143,2
1603-51144,2
1603-51145,1
1603-51146,1
1603-51147,2
1603-51148,1
1603-51149,1
1603-51150,2
1603-51151,2
1603-51152,2
1603-51153,1
1603-51154,2
1603-51155,2
1603-51156,1
1603-51157,1
1603-51158,2
1603-51159,2
1603-51160,1
1603-51161,2
1603-51162,1
1603-51163,1
1603-51164,1
1603-51165,2
1603-51166,1
1603-51167,2
1603-51168,1
1603-51169,1
1603-51170,1
1603-51171,1
1603-51172,1
1603-51173,2
1603-51174,2
1603-51175,1
1603-51176,2
1603-51177,2
1603-51178,1
1603-51179,1
1603-51180,1
1603-51181,1
1603-51182,1
1603-51183,1
1603-51184,1
1603-51185,2
1603-51186,1
1603-51187,1
1603-51188,2
1603-51189,2
1603-51194,2
1603-51195,2
1603-51196,2
1603-51197,2
1603-51198,1
1603-51199,2
1603-51200,1
1603-51315,2
1603-51316,1
1603-51317,2
1603-51501,1
1603-51502,1
1603-51503,2
1603-51504,1
1603-51505,1
1603-51506,1
1603-51507,2
1603-51508,1
1603-51509,2
1603-51510,1
1603-51511,1
1603-51512,2
1603-51513,2
1603-51514,1
1603-51515,1
1603-51516,2
1603-51517,1
1603-51518,2
1603-51519,2
1603-51520,2
1603-51521,1
1603-51522,1
1603-51523,2
1603-51524,1
1603-51525,1
1603-51526,1
1603-51527,1
1603-51528,2
1603-51529,1
1603-51530,1
1603-51531,2
1603-51532,2
1603-51533,1
1603-51534,2
1603-51535,1
1603-51536,1
1603-51537,2
1603-51538,1
1603-51539,2
1603-51540,1
1603-51541,1
1603-51542,1
1603-51543,1
1603-51544,1
1603-51545,2
1603-51546,1
1603-51547,2
1603-51548,2
1603-51549,2
1603-51550,2
1603-51551,2
1603-51552,1
1603-51553,2
1603-51554,2
1603-51555,1
1603-51556,1
1603-51557,1
1603-51558,2
1603-51559,2
1603-51560,2
1603-51561,1
1603-51562,1
1603-51563,2
1603-51564,2
1603-51565,1
1603-51566,1
1603-51567,2
1603-51568,2
1603-51569,2
1603-51570,1
1603-51571,2
1603-51572,1
1603-51573,1
1603-51574,2
1603-51575,1
1603-51576,2
1603-51577,1
1603-51578,1
1603-51579,1
1603-51580,2
1603-51581,2
1603-51582,2
1603-51583,2
1603-51584,1
1603-51585,1
1603-51586,2
1603-51587,1
1603-51588,1
1603-51589,1
1603-51590,2
1603-51591,2
1603-51592,1
1603-51593,2
1603-51594,2
1603-51595,1
1603-51596,2
1603-51597,2
1603-51598,1
1603-51599,1
1603-51600,2
1603-51601,1
1603-51602,2
1603-51603,1
1603-51604,1
1603-51605,2
1603-51606,2
1603-51607,1
1603-51608,2
1603-51609,2
1603-51610,2
1603-51611,1
1603-51612,1
1603-51613,1
1603-51614,1
1603-51615,2
1603-51616,2
1603-51617,1
1603-51618,1
1603-51619,1
1603-51620,1
1603-51621,2
1603-51622,1
1603-51623,1
1603-51624,1
1603-51625,1
1603-51626,1
1603-51627,1
1603-51628,2
1603-51629,1
1603-51630,2
1603-51631,2
1603-51632,2
1603-51633,1
1603-51634,2
1603-51635,2
1603-51636,1
1603-51637,1
1603-51638,2
1603-51639,2
1603-51640,1
1603-51641,1
1603-51642,1
1603-51643,2
1603-51644,1
1603-51645,2
1603-51646,1
1603-51647,1
1603-51648,2
1603-51649,2
1603-51650,1
1603-51651,2
1603-51652,1
1603-51653,1
1603-51654,1
1603-51655,1
1603-51656,1
1603-51657,1
1603-51658,2
1603-51659,2
1603-51660,1
1603-51661,2
1603-51662,2
1603-51663,1
1603-51664,2
1603-51665,1
1603-51666,2
1603-51667,1
1603-51668,1
1603-51669,1
1603-51670,1
1603-51671,2
1603-51672,2
1603-51673,1
1603-51674,2
1603-51675,1
1603-51676,2
1603-51677,2
1603-51678,1
1603-51679,1
1603-51680,2
1603-51681,2
1603-51682,1
1603-51683,2
1603-51684,2
1603-51685,2
1603-51686,1
1603-51687,1
1603-51688,2
1603-51689,1
1603-51690,1
1603-51691,2
1603-51692,1
1603-51693,1
1603-51694,1
1603-51695,1
1603-51696,1
1603-51697,1
1603-51698,2
1603-51699,1
1603-51700,1
1603-51701,1
1603-51702,1
1603-51703,2
1603-51704,1
1603-51705,1
1603-51706,2
1603-51707,2
1603-51708,2
1603-51709,1
1603-51710,2
1603-51711,1
1603-51712,1
1603-51713,1
1603-51714,2
1603-51715,1
1603-51716,1
1603-51717,2
1603-51718,1
1603-51719,1
1603-51720,2
1603-51721,1
1603-51722,2
1603-51723,2
1603-51724,2
1603-51725,2
1603-51726,1
1603-51727,2
1603-51728,1
1603-51729,2
1603-51730,2
1603-51731,2
1603-51732,1
1603-51733,1
1603-51734,2
1603-51735,1
1603-51736,1
1603-51737,2
1603-51738,2
1603-51739,2
1603-51740,1
1603-51741,2
1603-51742,2
1603-51743,1
1603-51744,2
1603-51745,2
1603-51746,1
1603-51747,1
1603-51748,2
1603-51749,2
1603-51750,2
1603-51751,2
1603-51752,2
1603-51753,1
1603-51754,1
1603-51755,1
1603-51756,2
1603-51757,2
1603-51758,2
1603-51759,2
1603-51760,2
1603-51761,2
1603-51762,1
1603-51763,2
1603-51764,2
1603-51765,2
1603-51766,1
1603-51767,2
1603-51768,2
1603-51769,1
1603-51770,2
1603-51771,1
1603-51772,2
1603-51773,1
1603-51774,2
1603-51775,2
1603-51776,2
1603-51777,2
1603-51778,2
1603-51779,2
1603-51780,1
1603-51781,2
1603-51782,1
1603-51783,2
1603-51784,1
1603-51785,2
1603-51786,1
1603-51787,2
1603-51788,2
1603-51789,2
1603-51790,2
1603-51791,1
1603-51792,1
1603-51793,2
1603-51794,1
1603-51795,2
1603-51796,2
1603-51797,2
1603-51798,1
1603-51799,2
1603-51800,2
1603-51801,2
1603-51802,1
1603-51803,2
1603-51804,1
1603-51805,1
1603-51806,2
1603-51807,2
1603-51808,1
1603-51809,2
1603-51810,2
1603-51811,2
1603-51812,1
1603-51813,2
1603-51814,2
1603-51815,2
1603-51816,1
1603-51817,2
1603-51818,1
1603-51819,1
1603-51820,2
1603-51821,2
1603-51822,1
1603-51823,2
1603-51824,2
1603-51825,1
1603-51826,2
1603-51827,1
1603-51828,2
1603-51829,1
1603-51830,2
1603-51831,1
1603-51832,2
1603-51833,1
1603-51834,2
1603-51835,1
1603-51836,2
1603-51837,2
1603-51838,1
1603-51839,2
1603-51840,2
1603-51841,1
1603-51842,1
1603-51843,1
1603-51844,1
1603-51845,2
1603-51846,2
1603-51847,2
1603-51848,1
1603-51849,2
1603-51850,2
1603-51851,1
1603-51852,1
1603-51853,1
1603-51854,1
1603-51855,1
1603-51856,1
1603-51857,2
1603-51858,2
1603-51859,2
1603-51860,2
1603-51861,2
1603-51862,2
1603-51863,2
1603-51864,2
1603-51865,1
1603-51866,1
1603-51867,1
1603-51868,1
1603-51869,1
1603-51870,1
1603-51871,2
1603-51872,2
1603-51873,2
1603-51874,1
1603-51875,2
1603-51876,2
1603-51877,1
1603-51878,2
1603-51879,2
1603-51880,2
1603-51881,2
1603-51882,2
1603-51883,1
1603-51884,1
1603-51885,2
1603-51886,1
1603-51887,1
1603-51888,1
1603-51889,2
1603-51890,1
1603-51891,2
1603-51892,2
1603-51893,1
1603-51894,1
1603-51895,2
1603-51896,1
1603-51897,2
1603-51898,1
1603-51899,2
1603-51900,1
1603-51960,2
1713-13201,2
1713-13202,2
1713-13203,1
1713-13204,1
1713-13205,1
1713-13206,2
1713-13207,2
1713-13208,2
1713-13209,1
1713-13210,1
1713-13211,2
1713-13212,2
1713-13213,1
1713-13214,1
1713-13215,1
1713-13216,2
1713-13217,2
1713-13218,1
1713-13219,2
1713-13220,2
1713-13221,2
1713-13222,2
1713-13223,1
1713-13224,2
1713-13225,2
1713-13226,1
1713-13227,1
1713-13228,2
1713-13229,1
1713-13230,1
1713-13231,1
1713-13232,1
1713-13233,1
1713-13234,2
1713-13235,2
1713-13236,1
1713-13237,1
1713-13238,2
1713-13239,2
1713-13240,2
1713-13241,1
1713-13242,1
1713-13243,1
1713-13244,2
1713-13245,2
1713-13246,2
1713-13247,2
1713-13248,2
1713-13249,2
1713-13250,1
1713-13251,2
1713-13252,2
1713-13253,1
1713-13254,2
1713-13255,1
1713-13256,1
1713-13257,2
1713-13258,2
1713-13259,1
1713-13260,2
1713-13261,1
1713-13262,1
1713-13263,1
1713-13264,1
1713-13265,1
1713-13266,1
1713-13267,1
1713-13268,2
1713-13269,1
1713-13270,1
1713-13271,1
1713-13272,1
1713-13273,2
1713-13274,1
1713-13275,1
1713-13276,1
1713-13277,2
1713-13278,1
1713-13279,2
1713-13280,2
1713-13281,2
1713-13282,2
1713-13283,1
1713-13284,2
1713-13285,2
1713-13286,1
1713-13287,2
1713-13288,1
1713-13289,2
1713-13290,2
1713-13291,1
1713-13292,2
1713-13293,1
1713-13294,2
1713-13295,1
1713-13296,1
1713-13297,2
1713-13298,1
1713-13299,1
1713-13300,2
1713-13301,2
1713-13302,2
1713-13303,1
1713-13304,1
1713-13305,2
1713-13306,2
1713-13307,2
1713-13308,2
1713-13309,1
1713-13310,1
1713-13311,1
1713-13312,2
1713-13313,1
1713-13314,1
1713-13315,1
1713-13316,1
1713-13317,2
1713-13318,1
1713-13319,1
1713-13320,2
1713-13321,2
1713-13322,1
1713-13328,2
1713-13329,2
1713-13330,1
1713-13331,2
1713-13332,2
1713-13333,1
1713-13334,2
1713-13335,2
1713-13336,1
1713-13337,1
1713-13338,1
1713-13339,1
1713-13340,2
1713-13341,2
1713-13342,1
1713-13343,1
1713-13344,1
1713-13345,2
1713-13346,1
1713-13347,2
1713-13348,1
1713-13349,2
1713-13350,2
1713-13351,1
1713-13352,1
1713-13353,2
1713-13354,1
1713-13355,2
1713-13356,1
1713-13357,1
1713-13358,1
1713-13359,1
1713-13360,2
1713-13361,1
1713-13362,2
1713-13363,2
1713-13364,2
1713-13365,2
1713-13366,1
1713-13367,2
1713-13368,1
1713-13369,1
1713-13370,1
1713-13371,2
1713-13372,2
1713-13373,2
1713-13374,2
1713-13375,1
1713-13376,2
1713-13377,2
1713-13378,2
1713-13379,2
1713-13380,2
1713-13381,1
1713-13382,2
1713-13383,1
1713-13384,2
1713-13385,1
1713-13386,1
1713-13387,2
1713-13388,2
1713-13389,1
1713-13390,1
1713-13391,2
1713-13392,2
1713-13393,2
1713-13394,1
1713-13395,2
1713-13396,2
1713-13397,2
1713-13398,2
1713-13399,2
1713-13400,1
1713-13455,2
1713-13480,1
1713-13481,1
1713-13482,2
1713-13483,1
1713-13484,1
1713-13485,1
1713-13486,2
1713-13487,1
1713-13488,2
1713-13489,2
1713-13490,1
1713-13491,2
1713-13492,1
1713-13493,2
1713-13494,2
1713-13495,2
1713-13496,1
1713-13497,1
1713-13498,2
1713-13499,2
1713-13500,1
1713-13601,1
1713-13602,2
1713-13603,1
1713-13604,2
1713-13605,2
1713-13606,2
1713-13607,2
1713-13608,2
1713-13609,2
1713-13610,2
1713-13611,2
1713-13612,2
1713-13613,2
1713-13614,1
1713-13615,2
1713-13616,1
1713-13617,1
1713-13618,1
1713-13619,1
1713-13620,2
1713-13621,2
1713-13622,1
1713-13623,2
1713-13624,1
1713-13625,2
1713-13626,2
1713-13627,1
1713-13628,2
1713-13629,2
1713-13630,1
1713-13631,1
1713-13632,1
1713-13633,1
1713-13634,2
1713-13635,2
1713-13636,1
1713-13637,2
1713-13638,1
1713-13639,1
1713-13640,1
1713-13641,2
1713-13642,1
1713-13643,2
1713-13644,1
1713-13645,1
1713-13646,1
1713-13647,2
1713-13648,2
1713-13649,1
1713-13650,1
1713-13651,1
1713-13652,1
1713-13653,2
1713-13654,1
1713-13655,1
1713-13656,1
1713-13657,2
1713-13658,2
1713-13659,1
1713-13660,2
1713-13661,1
1713-13662,1
1713-13663,1
1713-13664,2
1713-13665,2
1713-13666,2
1713-13667,2
1713-13668,1
1713-13669,1
1713-13670,1
1713-13671,2
1713-13672,2
1713-13673,2
1713-13674,2
1713-13675,1
1713-13676,2
1713-13677,1
1713-13678,1
1713-13679,2
1713-13680,2
1713-13681,2
1713-13682,1
1713-13683,1
1713-13684,1
1713-13685,1
1713-13686,2
1713-13687,2
1713-13688,1
1713-13689,2
1713-13690,1
1713-13691,2
1713-13692,2
1713-13693,2
1713-13694,1
1713-13695,1
1713-13696,1
1713-13697,1
1713-13698,1
1713-13699,2
1713-13700,1
1713-13701,2
1713-13702,1
1713-13703,2
1713-13704,1
1713-13705,2
1713-13706,2
1713-13707,2
1713-13708,1
1713-13709,2
1713-13710,2
1713-13711,2
1713-13712,1
1713-13713,1
1713-13714,1
1713-13715,2
1713-13716,2
1713-13717,1
1713-13718,2
1713-13719,1
1713-13720,1
1713-13721,2
1713-13722,2
1713-13723,1
1713-13724,1
1713-13725,1
1713-13726,1
1713-13727,2
1713-13728,2
1713-13729,1
1713-13730,1
1713-13731,1
1713-13732,2
1713-13733,2
1713-13734,2
1713-13735,2
1713-13736,1
1713-13737,2
1713-13738,2
1713-13739,2
1713-13740,1
1713-13741,2
1713-13742,1
1713-13743,2
1713-13744,1
1713-13745,2
1713-13746,2
1713-13747,2
1713-13748,1
1713-13749,1
1713-13750,1
1713-13751,1
1713-13752,1
1713-13753,2
1713-13754,2
1713-13755,1
1713-13756,2
1713-13757,1
1713-13758,2
1713-13759,1
1713-13760,2
1713-13761,1
1713-13762,2
1713-13763,1
1713-13764,2
1713-13765,1
1713-13766,2
1713-13767,2
1713-13768,1
1713-13769,1
1713-13770,2
1713-13771,1
1713-13772,1
1713-13773,2
1713-13774,2
1713-13775,2
1713-13776,2
1713-13777,1
1713-13778,2
1713-13779,1
1713-13780,1
1713-13781,2
1713-13782,2
1713-13783,2
1713-13784,2
1713-13785,1
1713-13786,1
1713-13787,1
1713-13788,1
1713-13789,1
1713-13790,2
1713-13791,1
1713-13792,2
1713-13793,1
1713-13794,1
1713-13795,2
1713-13796,2
1713-13797,1
1713-13798,1
1713-13799,2
1713-13800,1
1713-13901,2
1713-13902,2
1713-13903,1
1713-13904,1
1713-13905,2
1713-13906,2
1713-13907,1
1713-13908,2
1713-13909,2
1713-13910,2
1713-13911,1
1713-13912,2
1713-13913,1
1713-13914,1
1713-13915,2
1713-13916,1
1713-13917,2
1713-13918,2
1713-13919,2
1713-13920,2
1713-13921,2
1713-13922,2
1713-13923,1
1713-13924,2
1713-13925,1
1713-13926,2
1713-13927,2
1713-13928,2
1713-13929,2
1713-13930,2
1713-13931,1
1713-13932,2
1713-13933,2
1713-13934,1
1713-13935,1
1713-13936,2
1713-13937,2
1713-13938,1
1713-13939,1
1713-13940,2
1713-13941,2
1713-13942,2
1713-13943,2
1713-13944,1
1713-13945,1
1713-13946,2
1713-13947,2
1713-13948,2
1713-13949,2
1713-13950,1
1713-13951,2
1713-13952,2
1713-13953,2
1713-13954,1
1713-13955,1
1713-13956,1
1713-13957,1
1713-13958,1
1713-13959,2
1713-13960,2
1713-13961,1
1713-13962,1
1713-13963,1
1713-13964,2
1713-13965,1
1713-13966,1
1713-13967,1
1713-13968,1
1713-13969,1
1713-13970,2
1713-13971,2
1713-13972,1
1713-13973,1
1713-13974,2
1713-13975,2
1713-13976,2
1713-13977,1
1713-13978,1
1713-13979,2
1713-13980,1
1713-13981,2
1713-13982,1
1713-13983,2
1713-13984,1
1713-13985,1
1713-13986,2
1713-13987,2
1713-13988,2
1713-13989,2
1713-13990,2
1713-13991,2
1713-13992,2
1713-13993,1
1713-13994,2
1713-13995,2
1713-13996,2
1713-13997,2
1713-13999,1
1713-14000,1
1713-49001,2
1713-49002,1
1713-49003,1
1713-49004,1
1713-49005,2
1713-49006,1
1713-49007,2
1713-49008,1
1713-49009,1
1713-49010,2
1713-49011,2
1713-49012,2
1713-49013,2
1713-49014,1
1713-49015,1
1713-49016,2
1713-49017,2
1713-49018,1
1713-49019,1
1713-49020,1
1713-49021,1
1713-49022,2
1713-49023,1
1713-49024,2
1713-49025,2
1713-49026,2
1713-49027,2
1713-49028,2
1713-49029,2
1713-49030,1
1713-49031,2
1713-49032,1
1713-49033,1
1713-49034,1
1713-49035,2
1713-49036,2
1713-49037,2
1713-49038,2
1713-49039,1
1713-49040,1
1713-49041,1
1713-49042,2
1713-49043,1
1713-49044,1
1713-49045,2
1713-49046,2
1713-49047,2
1713-49048,1
1713-49049,2
1713-49050,1
1713-49051,2
1713-49052,1
1713-49053,1
1713-49054,1
1713-49055,1
1713-49056,1
1713-49057,1
1713-49058,2
1713-49059,2
1713-49060,1
1713-49061,2
1713-49062,1
1713-49063,1
1713-49064,2
1713-49065,2
1713-49066,2
1713-49067,2
1713-49068,2
1713-49069,2
1713-49070,1
1713-49071,2
1713-49072,1
1713-49073,1
1713-49074,2
1713-49075,2
1713-49076,1
1713-49077,1
1713-49078,1
1713-49079,1
1713-49080,2
1713-49081,2
1713-49082,2
1713-49083,2
1713-49084,1
1713-49085,2
1713-49086,1
1713-49087,2
1713-49088,2
1713-49089,2
1713-49090,2
1713-49091,1
1713-49092,2
1713-49093,2
1713-49094,1
1713-49095,2
1713-49096,2
1713-49097,1
1713-49098,2
1713-49099,1
1713-49100,1
1713-49101,1
1713-49102,1
1713-49103,2
1713-49104,2
1713-49105,2
1713-49106,2
1713-49107,1
1713-49108,1
1713-49109,2
1713-49110,1
1713-49111,1
1713-49112,1
1713-49113,1
1713-49114,2
1713-49115,2
1713-49116,1
1713-49117,1
1713-49118,1
1713-49119,2
1713-49120,1
1713-49121,2
1713-49122,1
1713-49123,2
1713-49124,1
1713-49125,2
1713-49126,1
1713-49127,1
1713-49128,2
1713-49129,2
1713-49130,2
1713-49131,2
1713-49132,1
1713-49133,2
1713-49134,2
1713-49135,2
1713-49136,2
1713-49137,1
1713-49138,1
1713-49139,1
1713-49140,1
1713-49141,1
1713-49142,1
1713-49143,1
1713-49144,1
1713-49145,1
1713-49146,2
1713-49147,1
1713-49148,2
1713-49149,2
1713-49150,1
1713-49151,1
1713-49152,1
1713-49153,2
1713-49154,1
1713-49155,2
1713-49156,1
1713-49157,1
1713-49158,1
1713-49159,2
1713-49160,2
1713-49161,2
1713-49162,1
1713-49163,1
1713-49164,1
1713-49165,2
1713-49166,1
1713-49167,2
1713-49168,2
1713-49169,1
1713-49170,1
1713-49171,1
1713-49172,1
1713-49173,2
1713-49174,2
1713-49175,2
1713-49176,2
1713-49177,2
1713-49178,1
1713-49179,1
1713-49180,2
1713-49181,2
1713-49182,1
1713-49183,1
1713-49184,1
1713-49185,2
1713-49186,1
1713-49187,2
1713-49188,2
1713-49189,1
1713-49190,2
1713-49191,1
1713-49192,1
1713-49193,1
1713-49194,2
1713-49195,2
1713-49196,2
1713-49197,2
1713-49198,2
1713-49199,1
1713-49200,2
1713-49201,1
1713-49202,1
1713-49203,1
1713-49204,1
1713-49205,2
1713-49206,2
1713-49207,1
1713-49208,1
1713-49209,2
1713-49210,1
1713-49211,1
1713-49212,2
1713-49213,2
1713-49214,1
1713-49215,1
1713-49216,1
1713-49217,2
1713-49218,1
1713-49219,2
1713-49220,1
1713-49221,2
1713-49222,1
1713-49223,1
1713-49224,2
1713-49225,2
1713-49226,2
1713-49227,2
1713-49228,1
1713-49229,1
1713-49230,2
1713-49231,2
1713-49232,1
1713-49233,2
1713-49234,1
1713-49235,2
1713-49236,2
1713-49237,2
1713-49238,1
1713-49239,2
1713-49240,2
1713-49241,2
1713-49242,2
1713-49243,2
1713-49244,1
1713-49245,1
1713-49246,2
1713-49247,2
1713-49248,2
1713-49249,1
1713-49250,2
1713-49251,1
1713-49252,1
1713-49253,2
1713-49254,2
1713-49255,2
1713-49256,1
1713-49257,2
1713-49258,1
1713-49259,1
1713-49260,1
1713-49261,2
1713-49262,2
1713-49263,2
1713-49264,2
1713-49265,2
1713-49266,1
1713-49267,1
1713-49268,2
1713-49269,2
1713-49270,1
1713-49271,1
1713-49272,2
1713-49273,1
1713-49274,1
1713-49275,2
1713-49276,1
1713-49277,1
1713-49278,1
1713-49279,1
1713-49280,2
1713-49281,1
1713-49282,1
1713-49283,2
1713-49284,2
1713-49285,2
1713-49286,1
1713-49287,1
1713-49288,2
1713-49289,2
1713-49290,2
1713-49291,1
1713-49292,2
1713-49293,2
1713-49294,1
1713-49295,1
1713-49296,2
1713-49297,1
1713-49298,1
1713-49299,2
1713-49300,1
1713-49301,1
1713-49302,1
1713-49303,2
1713-49304,1
1713-49305,1
1713-49306,1
1713-49307,2
1713-49308,2
1713-49309,1
1713-49310,2
1713-49311,2
1713-49312,2
1713-49313,2
1713-49314,2
1713-49317,1
1713-49318,2
1713-49319,2
1713-49320,2
1713-49321,2
1713-49322,2
1713-49323,1
1713-49324,2
1713-49325,2
1713-49326,2
1713-49327,2
1713-49328,2
1713-49329,1
1713-49330,1
1713-49331,2
1713-49332,1
1713-49333,1
1713-49334,1
1713-49335,2
1713-49336,1
1713-49337,2
1713-49338,2
1713-49339,2
1713-49340,2
1713-49341,1
1713-49342,2
1713-49343,2
1713-49344,1
1713-49345,2
1713-49346,2
1713-49347,1
1713-49348,2
1713-49349,2
1713-49350,2
1713-49351,1
1713-49352,2
1713-49353,2
1713-49354,2
1713-49355,1
1713-49356,2
1713-49357,2
1713-49358,1
1713-49359,2
1713-49360,2
1713-49361,2
1713-49362,1
1713-49363,1
1713-49364,2
1713-49365,2
1713-49366,2
1713-49367,2
1713-49368,1
1713-49369,1
1713-49370,2
1713-49371,1
1713-49372,1
1713-49373,1
1713-49374,1
1713-49375,2
1713-49376,1
1713-49377,1
1713-49378,1
1713-49379,2
1713-49380,1
1713-49381,2
1713-49382,1
1713-49383,2
1713-49384,1
1713-49385,1
1713-49386,1
1713-49387,1
1713-49388,1
1713-49389,1
1713-49390,1
1713-49391,2
1713-49392,1
1713-49393,1
1713-49394,1
1713-49395,1
1713-49396,1
1713-49397,1
1713-49400,2
1713-49501,2
1713-49502,2
1713-49503,2
1713-49504,2
1713-49505,2
1713-49506,1
1713-49507,2
1713-49508,2
1713-49509,2
1713-49510,2
1713-49511,2
1713-49512,1
1713-49513,1
1713-49514,1
1713-49515,1
1713-49516,1
1713-49517,1
1713-49518,2
1713-49519,2
1713-49520,2
1713-49521,1
1713-49522,1
1713-49523,2
1713-49524,2
1713-49525,1
1713-49526,1
1713-49527,2
1713-49528,2
1713-49529,1
1713-49530,1
1713-49531,2
1713-49532,2
1713-49533,2
1713-49534,2
1713-49535,2
1713-49536,1
1713-49537,1
1713-49538,2
1713-49539,2
1713-49540,1
1713-49541,2
1713-49542,1
1713-49543,1
1713-49544,1
1713-49545,2
1713-49546,1
1713-49547,1
1713-49548,1
1713-49549,2
1713-49550,2
1713-49551,1
1713-49552,1
1713-49553,1
1713-49554,2
1713-49555,1
1713-49556,2
1713-49557,1
1713-49558,1
1713-49559,1
1713-49560,1
1713-49561,2
1713-49562,1
1713-49563,1
1713-49564,1
1713-49565,2
1713-49566,1
1713-49567,1
1713-49568,1
1713-49569,1
1713-49570,1
1713-49571,1
1713-49572,2
1713-49573,1
1713-49574,1
1713-49575,2
1713-49576,2
1713-49577,1
1713-49578,1
1713-49579,1
1713-49580,1
1713-49581,1
1713-49582,1
1713-49583,1
1713-49584,2
1713-49585,1
1713-49586,1
1713-49587,1
1713-49588,1
1713-49589,1
1713-49590,2
1713-49591,2
1713-49592,1
1713-49593,2
1713-49594,1
1713-49595,1
1713-49596,2
1713-49597,1
1713-49598,1
1713-49599,1
1713-49600,2
1713-49701,2
1713-49702,2
1713-49703,2
1713-49704,2
1713-49705,1
1713-49706,2
1713-49707,1
1713-49708,1
1713-49709,2
1713-49710,1
1713-49711,2
1713-49712,1
1713-49713,2
1713-49714,2
1713-49715,2
1713-49716,2
1713-49717,2
1713-49718,2
1713-49719,2
1713-49720,1
1713-49721,2
1713-49722,2
1713-49723,2
1713-49724,1
1713-49725,2
1713-49726,2
1713-49727,1
1713-49728,2
1713-49729,2
1713-49730,1
1713-49731,2
1713-49732,2
1713-49733,1
1713-49734,1
1713-49735,1
1713-49736,1
1713-49737,2
1713-49738,1
1713-49739,1
1713-49740,1
1713-49741,1
1713-49742,1
1713-49743,2
1713-49744,2
1713-49745,1
1713-49746,2
1713-49747,2
1713-49748,1
1713-49749,2
1713-49750,2
1713-49751,2
1713-49752,1
1713-49753,2
1713-49754,1
1713-49755,2
1713-49756,2
1713-49757,2
1713-49758,1
1713-49759,2
1713-49760,2
1713-49761,2
1713-49762,2
1713-49763,2
1713-49764,1
1713-49765,2
1713-49766,2
1713-49767,2
1713-49768,1
1713-49769,2
1713-49770,1
1713-49771,2
1713-49772,1
1713-49773,2
1713-49774,1
1713-49775,1
1713-49776,1
1713-49777,1
1713-49778,1
1713-49779,2
1713-49780,1
1713-49781,1
1713-49782,1
1713-49783,1
1713-49784,2
1713-49785,1
1713-49786,2
1713-49787,2
1713-49788,2
1713-49789,2
1713-49790,1
1713-49791,1
1713-49792,1
1713-49793,2
1713-49794,1
1713-49795,2
1713-49796,2
1713-49797,1
1713-49798,1
1713-49799,2
1713-49800,1
1713-49801,2
1713-49802,2
1713-49803,2
1713-49804,1
1713-49805,2
1713-49806,1
1713-49807,2
1713-49808,1
1713-49809,1
1713-49810,2
1713-49811,1
1713-49812,1
1713-49813,2
1713-49814,1
1713-49815,2
1713-49816,1
1713-49817,1
1713-49818,2
1713-49819,1
1713-49820,1
1713-49821,1
1713-49822,2
1713-49823,1
1713-49824,2
1713-49825,2
1713-49826,1
1713-49827,1
1713-49828,1
1713-49829,1
1713-49830,1
1713-49831,2
1713-49832,1
1713-49833,2
1713-49834,2
1713-49835,2
1713-49836,2
1713-49837,2
1713-49838,2
1713-49839,2
1713-49840,1
1713-49841,2
1713-49842,1
1713-49843,2
1713-49844,1
1713-49845,1
1713-49846,2
1713-49847,2
1713-49848,1
1713-49849,2
1713-49850,1
1713-49851,1
1713-49852,1
1713-49853,2
1713-49854,2
1713-49855,2
1713-49856,2
1713-49857,2
1713-49858,2
1713-49859,2
1713-49860,1
1713-49861,1
1713-49862,1
1713-49863,1
1713-49864,2
1713-49865,2
1713-49866,1
1713-49867,1
1713-49868,1
1713-49869,1
1713-49870,1
1713-49871,2
1713-49872,1
1713-49873,2
1713-49874,1
1713-49875,2
1713-49876,2
1713-49877,1
1713-49878,2
1713-49879,1
1713-49880,2
1713-49882,2
1713-49883,1
1713-49884,2
1713-49885,1
1713-49886,2
1713-49887,2
1713-49888,1
1713-89601,2
1713-89602,1
1713-89603,2
1713-89604,2
1713-89605,2
1713-89606,2
1713-89607,1
1713-89608,1
1713-89609,2
1713-89610,2
1713-89611,1
1713-89612,1
1713-89613,2
1713-89614,1
1713-89615,2
1713-89616,2
1713-89617,1
1713-89618,2
1713-89619,2
1713-89620,1
1713-89621,2
1713-89622,2
1713-89623,1
1713-89624,2
1713-89625,1
1713-89626,1
1713-89627,2
1713-89628,2
1713-89629,2
1713-89630,2
1713-89631,2
1713-89632,1
1713-89633,1
1713-89634,1
1713-89635,2
1713-89636,1
1713-89637,2
1713-89638,2
1713-89639,2
1713-89640,2
1713-89641,1
1713-89642,1
1713-89643,1
1713-89644,2
1713-89645,2
1713-89646,2
1713-89647,1
1713-89648,1
1713-89649,2
1713-89650,1
1713-89651,1
1713-89652,1
1713-89653,1
1713-89654,2
1713-89655,2
1713-89656,1
1713-89657,1
1713-89658,2
1713-89659,2
1713-89660,2
1713-89661,1
1713-89662,1
1713-89663,2
1713-89664,2
1713-89665,1
1713-89666,1
1713-89667,1
1713-89668,1
1713-89669,2
1713-89670,2
1713-89671,1
1713-89672,1
1713-89673,1
1713-89674,2
1713-89675,2
1713-89676,1
1713-89677,1
1713-89678,1
1713-89679,1
1713-89680,1
1713-89681,2
1713-89682,1
1713-89683,1
1713-89684,1
1713-89685,1
1713-89686,1
1713-89687,1
1713-89688,1
1713-89689,1
1713-89690,1
1713-89691,1
1713-89692,2
1713-89693,1
1713-89694,2
1713-89695,2
1713-89696,2
1713-89697,1
1713-89698,1
1713-89699,1
1713-89700,1
1713-89701,2
1713-89702,2
1713-89703,2
1713-89704,1
1713-89705,2
1713-89706,1
1713-89707,1
1713-89708,1
1713-89709,1
1713-89710,1
1713-89711,1
1713-89712,2
1713-89713,1
1713-89714,1
1713-89715,1
1713-89716,2
1713-89717,2
1713-89718,1
1713-89719,1
1713-89720,1
1713-89721,1
1713-89722,2
1713-89723,2
1713-89724,2
1713-89725,1
1713-89726,2
1713-89727,1
1713-89728,1
1713-89729,2
1713-89730,1
1713-89731,1
1713-89732,1
1713-89733,2
1713-89734,1
1713-89735,2
1713-89736,2
1713-89737,2
1713-89738,1
1713-89739,2
1713-89740,2
1713-89741,2
1713-89742,1
1713-89743,1
1713-89744,2
1713-89745,1
1713-89746,1
1713-89747,1
1713-89748,1
1713-89749,1
1713-89750,2
1713-89751,2
1713-89752,1
1713-89753,2
1713-89754,1
1713-89755,1
1713-89756,1
1713-89757,1
1713-89758,1
1713-89759,2
6309,1
6311,2
6314,2
6315,1
6320,2
6337,2
6485,2
6558,1
6559,1
6567,1
6574,2
6584,1
6640,2
6641,2
6642,2
6799,2
6860,2
6865,1
6867,1
6875,2
6876,2
6893,2
6957,1
6959,1
6963,1
6965,2
6966,2
7148,1
7150,1
7322,2
7323,2
7324,1
7325,1
793-09885,1
963-80576,2
9999-00000,2
9999-00005,1
9999-00006,1
9999-00007,2
9999-00008,2
9999-00009,1
9999-00010,2
9999-00011,2
9999-00012,2
9999-00013,1
9999-00014,2
9999-00015,2
9999-00016,2
9999-00017,2
9999-00020,1
9999-00021,2
9999-00022,2
9999-00023,2
9999-00024,2
9999-00025,2
9999-00026,2
9999-00027,2
9999-00028,1
9999-99950,2
9999-99953,2
9999-99959,2
9999-99961,2
9999-99969,2
9999-99993,2
9999-99997,2
9999-99998,2
9999-99999,2
BNCH91m,1
BNCH92f,2
BNCH92m,1
BRADnoba,2
BROMnob,2
BROMnoba,1
BROMnobaM,1
BYRDm,1
C-OW,2
CATBf,2
CK-AR,1
CK-AW,2
CMACrunt,1
CW-RK,2
CWHPf,2
DEADf,2
DRUM91fldg1,2
DRUM91fldg2,2
DRUMm,1
DRYPf,2
DTCHf,2
DTCHm,1
FAREf,2
FARTf,2
FITZ91fldg,2
FITZf,2
FITZm,1
GRNTh,2
GRNTm,1
GRVRf,2
GRVRm,1
GRVWf,2
HARBf,2
HNRYh,2
HOUSm,1
HOUSnoba,1
IA-C,1
IR-C,2
JESSm,1
K-SRP,2
KELVf,2
LSURnoba1,2
LSURnoba2,1
MACT94fldg,1
MACTf,2
MACTm,1
MCJY073m,1
MCJY91fldg,1
MIDGm,1
NARYm,1
NBROm,1
nh-q,1
NNARf,2
NNARm,1
nobaRUSS042,1
NOBH91fldg1,1
NOBH91fldg2,2
nR-Q,2
NREDm,1
NSEC91fldg1,1
NSEC91fldg2,2
OSR8fldg,2
P-WC,2
PACKf,2
PC-PK,2
PINEm,1
PINSm,1
PIPO05kid,2
PIPO92f,2
PIPO92m,1
POHL96kid,1
q-nG,2
q-nn,2
RACHh,2
RISE09f,2
SINK91fldg1,2
SINK91fldg2,1
SMACm,1
SMITf,2
SSECf,2
SSIN05kid,2
SWCTm,1
TNGLm,1
TP11m,1
TP49f,2
TP49m,1
TP54noba,1
TP55fldg,1
TP64fldg1,2
TP64fldg2,2
TP68fldg,2
TURBf,2
TURBm,1
TURBnoba,1
UB10f_2k,2
UB10m_2k,1
UB11f_2k,2
UB11m_2k,1
UB12f_2k,2
UB12m_2k,1
UB13f_2k,2
UB13m_2k,1
UB14f_2k,2
UB14m_2k,1
UB2f_3k,2
UB2m_3k,1
UB5f_2k,2
UB5m_2k,1
UB7f_2k,2
UB7m_2k,1
UB8f_2k,2
UB8m_2k,1
UB9f_4k,2
UB9m_4k,1
UF1_CWPmom,2
UF11_FWMmom,2
UF13_FKZWmom,2
UF14_WQYmom,2
UF16_BOQmom,2
UF2_k2,2
UF3_k2,2
UF7_k2,2
UF8_CRRmom,2
UF9_AAQmom,2
UM1_k2,1
UM12_OWQdad,1
UM13_CMAC93m,1
UM14_TP56m,1
UM15_HNBdad,1
UM16_k3,1
UM17_BBMdad,1
UM18_GNBdad,1
UM19_KZBRdad,1
UM2_WNYdad,1
UM20_OKZYdad,1
UM22_k2,1
UM3_k4,1
UM4_LNYdad,1
UM5_k2,1
UM6_NNAR_EPPm,1
UM7_k2WCIT,1
UM8_OGMdadWCIT,1
WARYm,1
WCHKm,1
WCIT95m,1
WCIT97f,2
WISBm,1
WLAKm,1
WOBYm,1
XRAYf,2
XRAYm,1
XRAYnoba,2
Y-RQ,1
YCL-U,1
